Conf. θₙ ; Φₙ,N=4,N=16,N=64,N=100
-90 ; -45,-88.69,-89.15,-88.76,-86.76
-90 ; -42,-88.71,-89.35,-87.73,-87.89
-90 ; -39,-88.7,-89.72,-89.38,-88.65
-90 ; -36,-88.76,-89.45,-89.63,-88.68
-90 ; -33,-88.74,-89.65,-89.46,-89.42
-90 ; -30,-88.69,-89.51,-89.32,-89.15
-90 ; -27,-88.7,-89.38,-89.76,-88.49
-90 ; -24,-89.21,-89.33,-89.38,-87.91
-90 ; -21,-89.28,-88.98,-87.9,-89.53
-90 ; -18,-89.27,-89.47,-87.04,-88.44
-90 ; -15,-89.22,-89.52,-87.25,-88.18
-90 ; -12,-89.22,-89.54,-87.51,-88.84
-90 ; -9,-89.26,-89.35,-89.69,-88.79
-90 ; -6,-89.52,-89.18,-88.92,-89.89
-90 ; -3,-89.54,-89.77,-88.65,-89.38
-90 ; 0,-89.51,-89.64,-89.44,-89.46
-90 ; 3,-89.52,-89.68,-89.76,-88.83
-90 ; 6,-89.52,-89.38,-89.62,-89.56
-90 ; 9,-88.84,-89.11,-89.58,-88.78
-90 ; 12,-88.85,-89.5,-89.01,-88.56
-90 ; 15,-88.8,-88.89,-87.56,-86.59
-90 ; 18,-88.8,-88.38,-86.1,-87.43
-90 ; 21,-88.83,-88.68,-89.34,-87.23
-90 ; 24,-88.8,-87.36,-86.58,-86.87
-90 ; 27,-88.61,-88.5,-86.59,-84.58
-90 ; 30,-88.65,-88.4,-86.48,-85.18
-90 ; 33,-88.67,-88.21,-85.44,-83.19
-90 ; 36,-88.65,-86.87,-85.1,-88.74
-90 ; 39,-88.65,-89.2,-88.71,-87.4
-90 ; 42,-88.65,-88.87,-87.69,-89.8
-90 ; 45,-88.63,-89.21,-88.78,-89.49
-87 ; -45,-88.65,-89.19,-87.82,-86.63
-87 ; -42,-88.71,-89.38,-87.7,-87.89
-87 ; -39,-88.73,-89.41,-89.39,-88.67
-87 ; -36,-88.71,-89.5,-89.35,-88.63
-87 ; -33,-88.69,-89.58,-89.43,-89.41
-87 ; -30,-88.73,-89.51,-89.44,-89.05
-87 ; -27,-88.64,-89.48,-89.76,-88.42
-87 ; -24,-89.21,-89.36,-89.37,-87.96
-87 ; -21,-89.2,-89.0,-85.82,-89.48
-87 ; -18,-89.28,-89.44,-87.63,-88.16
-87 ; -15,-89.25,-89.44,-86.09,-88.15
-87 ; -12,-89.17,-89.61,-86.55,-88.82
-87 ; -9,-89.22,-89.39,-89.65,-88.77
-87 ; -6,-89.52,-89.22,-89.56,-89.83
-87 ; -3,-89.55,-89.81,-88.94,-89.34
-87 ; 0,-89.47,-89.69,-88.86,-89.55
-87 ; 3,-89.58,-89.81,-89.69,-88.89
-87 ; 6,-89.47,-89.37,-89.61,-89.56
-87 ; 9,-88.86,-89.12,-88.99,-88.83
-87 ; 12,-88.81,-89.52,-89.02,-88.58
-87 ; 15,-88.81,-88.99,-87.81,-86.62
-87 ; 18,-88.89,-88.36,-84.58,-87.44
-87 ; 21,-88.8,-88.67,-89.06,-86.4
-87 ; 24,-88.87,-87.35,-86.61,-86.83
-87 ; 27,-88.6,-88.49,-87.51,-84.56
-87 ; 30,-88.63,-88.35,-86.69,-85.16
-87 ; 33,-88.65,-88.25,-85.44,-83.28
-87 ; 36,-88.62,-86.86,-85.34,-88.67
-87 ; 39,-88.65,-89.27,-89.16,-84.05
-87 ; 42,-88.64,-88.92,-87.95,-89.57
-87 ; 45,-88.68,-89.19,-89.06,-89.45
-84 ; -45,-88.67,-88.29,-88.09,-88.54
-84 ; -42,-88.69,-88.51,-88.26,-87.69
-84 ; -39,-88.74,-88.52,-88.58,-88.58
-84 ; -36,-88.71,-88.89,-89.78,-88.72
-84 ; -33,-88.67,-89.12,-88.89,-89.02
-84 ; -30,-88.69,-88.89,-89.4,-89.05
-84 ; -27,-88.7,-88.64,-89.32,-89.13
-84 ; -24,-89.23,-88.5,-89.59,-86.27
-84 ; -21,-89.16,-89.48,-86.21,-89.5
-84 ; -18,-89.19,-89.59,-88.37,-89.0
-84 ; -15,-89.22,-89.85,-86.83,-87.5
-84 ; -12,-89.22,-89.53,-86.65,-87.8
-84 ; -9,-89.22,-88.98,-89.28,-88.75
-84 ; -6,-89.52,-88.97,-89.78,-88.97
-84 ; -3,-89.51,-89.5,-89.42,-88.96
-84 ; 0,-89.47,-89.79,-88.77,-89.52
-84 ; 3,-89.55,-89.68,-89.84,-89.82
-84 ; 6,-89.49,-89.18,-89.25,-89.14
-84 ; 9,-88.84,-89.58,-89.65,-89.04
-84 ; 12,-88.81,-89.64,-89.56,-88.97
-84 ; 15,-88.82,-88.99,-87.53,-86.01
-84 ; 18,-88.82,-88.53,-85.45,-86.39
-84 ; 21,-88.85,-88.12,-89.01,-84.85
-84 ; 24,-88.85,-87.05,-87.59,-87.56
-84 ; 27,-88.62,-87.8,-88.18,-85.89
-84 ; 30,-88.62,-87.45,-86.3,-85.11
-84 ; 33,-88.63,-87.97,-86.91,-83.88
-84 ; 36,-88.64,-85.91,-84.62,-87.97
-84 ; 39,-88.65,-88.39,-88.65,-83.99
-84 ; 42,-88.62,-87.89,-87.2,-87.93
-84 ; 45,-88.61,-88.3,-89.25,-89.44
-81 ; -45,-88.69,-88.18,-86.76,-89.65
-81 ; -42,-88.65,-88.2,-87.89,-88.03
-81 ; -39,-88.68,-88.47,-88.65,-89.6
-81 ; -36,-88.7,-88.86,-88.68,-88.41
-81 ; -33,-88.71,-88.7,-89.42,-89.41
-81 ; -30,-88.66,-88.65,-89.15,-89.06
-81 ; -27,-88.71,-88.04,-88.49,-88.37
-81 ; -24,-89.23,-89.75,-87.91,-86.27
-81 ; -21,-89.22,-89.8,-89.53,-89.57
-81 ; -18,-89.2,-89.85,-88.44,-89.12
-81 ; -15,-89.21,-89.46,-88.18,-86.86
-81 ; -12,-89.23,-88.83,-88.84,-86.75
-81 ; -9,-89.21,-89.1,-88.79,-88.46
-81 ; -6,-89.46,-89.27,-89.89,-88.06
-81 ; -3,-89.48,-89.68,-89.38,-89.04
-81 ; 0,-89.53,-89.34,-89.46,-89.58
-81 ; 3,-89.5,-89.19,-88.83,-89.48
-81 ; 6,-89.5,-89.82,-89.56,-89.33
-81 ; 9,-88.83,-89.32,-88.78,-88.84
-81 ; 12,-88.82,-88.52,-88.56,-87.1
-81 ; 15,-88.8,-88.15,-86.59,-85.27
-81 ; 18,-88.83,-87.6,-87.43,-85.77
-81 ; 21,-88.79,-86.52,-87.23,-84.98
-81 ; 24,-88.8,-87.29,-86.87,-87.46
-81 ; 27,-88.56,-86.94,-84.58,-85.39
-81 ; 30,-88.6,-87.47,-85.18,-85.2
-81 ; 33,-88.55,-85.35,-83.19,-84.18
-81 ; 36,-88.63,-87.97,-88.74,-84.83
-81 ; 39,-88.61,-87.49,-87.4,-84.46
-81 ; 42,-88.6,-87.9,-89.8,-87.56
-81 ; 45,-88.6,-87.9,-89.49,-89.52
-78 ; -45,-88.73,-88.19,-86.63,-89.01
-78 ; -42,-88.63,-88.18,-87.89,-89.44
-78 ; -39,-88.66,-88.47,-88.67,-87.31
-78 ; -36,-88.75,-88.91,-88.63,-89.52
-78 ; -33,-88.68,-88.7,-89.41,-89.69
-78 ; -30,-88.71,-88.65,-89.05,-89.5
-78 ; -27,-88.7,-88.08,-88.42,-88.98
-78 ; -24,-89.21,-89.69,-87.96,-85.13
-78 ; -21,-89.24,-89.73,-89.48,-87.44
-78 ; -18,-89.25,-89.8,-88.16,-89.07
-78 ; -15,-89.23,-89.49,-88.15,-86.38
-78 ; -12,-89.28,-88.94,-88.82,-87.27
-78 ; -9,-89.21,-89.04,-88.77,-88.41
-78 ; -6,-89.54,-89.19,-89.83,-88.32
-78 ; -3,-89.54,-89.73,-89.34,-88.74
-78 ; 0,-89.54,-89.38,-89.55,-89.41
-78 ; 3,-89.51,-89.2,-88.89,-88.88
-78 ; 6,-89.53,-89.74,-89.56,-88.6
-78 ; 9,-88.83,-89.36,-88.83,-87.74
-78 ; 12,-88.8,-88.59,-88.58,-88.44
-78 ; 15,-88.79,-88.13,-86.62,-87.49
-78 ; 18,-88.79,-87.6,-87.44,-88.26
-78 ; 21,-88.8,-86.7,-86.4,-85.16
-78 ; 24,-88.88,-87.28,-86.83,-86.9
-78 ; 27,-88.58,-86.98,-84.56,-85.39
-78 ; 30,-88.62,-87.49,-85.16,-85.63
-78 ; 33,-88.59,-85.43,-83.28,-85.46
-78 ; 36,-88.63,-87.94,-88.67,-82.9
-78 ; 39,-88.59,-87.49,-84.05,-84.66
-78 ; 42,-88.63,-87.87,-89.57,-88.94
-78 ; 45,-88.61,-87.87,-89.45,-89.57
-75 ; -45,-88.7,-88.77,-88.54,-88.69
-75 ; -42,-88.72,-88.19,-87.69,-89.64
-75 ; -39,-88.66,-88.49,-88.58,-87.4
-75 ; -36,-88.65,-88.91,-88.72,-89.8
-75 ; -33,-88.68,-88.73,-89.02,-89.59
-75 ; -30,-88.65,-88.69,-89.05,-89.24
-75 ; -27,-88.72,-88.09,-89.13,-89.51
-75 ; -24,-89.18,-89.76,-86.27,-86.65
-75 ; -21,-89.17,-89.75,-89.5,-88.08
-75 ; -18,-89.21,-89.77,-89.0,-89.15
-75 ; -15,-89.2,-89.57,-87.5,-86.67
-75 ; -12,-89.23,-88.92,-87.8,-87.31
-75 ; -9,-89.3,-89.08,-88.75,-87.97
-75 ; -6,-89.44,-89.22,-88.97,-89.53
-75 ; -3,-89.47,-89.7,-88.96,-88.61
-75 ; 0,-89.56,-89.39,-89.52,-89.45
-75 ; 3,-89.53,-89.18,-89.82,-89.61
-75 ; 6,-89.56,-89.78,-89.14,-89.69
-75 ; 9,-88.87,-89.35,-89.04,-88.7
-75 ; 12,-88.87,-88.52,-88.97,-87.86
-75 ; 15,-88.8,-88.11,-86.01,-88.1
-75 ; 18,-88.8,-87.66,-86.39,-89.7
-75 ; 21,-88.78,-86.73,-84.85,-86.96
-75 ; 24,-88.83,-87.28,-87.56,-85.89
-75 ; 27,-88.58,-86.98,-85.89,-85.74
-75 ; 30,-88.64,-87.51,-85.11,-85.22
-75 ; 33,-88.59,-85.41,-83.88,-86.47
-75 ; 36,-88.6,-87.73,-87.97,-82.26
-75 ; 39,-88.61,-87.5,-83.99,-85.47
-75 ; 42,-88.66,-87.3,-87.93,-88.2
-75 ; 45,-88.59,-87.86,-89.44,-89.15
-72 ; -45,-88.74,-89.07,-89.65,-88.61
-72 ; -42,-88.81,-88.19,-88.03,-88.37
-72 ; -39,-88.79,-88.48,-89.6,-85.56
-72 ; -36,-88.62,-88.89,-88.41,-89.63
-72 ; -33,-88.63,-88.78,-89.41,-89.49
-72 ; -30,-88.65,-88.72,-89.06,-88.76
-72 ; -27,-88.72,-88.07,-88.37,-89.75
-72 ; -24,-89.2,-89.81,-86.27,-88.32
-72 ; -21,-89.25,-89.84,-89.57,-88.07
-72 ; -18,-89.2,-89.83,-89.12,-88.59
-72 ; -15,-89.22,-89.58,-86.86,-87.95
-72 ; -12,-89.25,-89.38,-86.75,-87.12
-72 ; -9,-89.21,-89.08,-88.46,-87.24
-72 ; -6,-89.55,-89.24,-88.06,-88.81
-72 ; -3,-89.51,-89.66,-89.04,-89.27
-72 ; 0,-89.52,-89.4,-89.58,-89.56
-72 ; 3,-89.53,-89.67,-89.48,-89.78
-72 ; 6,-89.51,-89.81,-89.33,-89.69
-72 ; 9,-88.86,-89.75,-88.84,-88.5
-72 ; 12,-88.78,-88.57,-87.1,-88.77
-72 ; 15,-88.81,-88.15,-85.27,-87.42
-72 ; 18,-88.82,-87.53,-85.77,-88.65
-72 ; 21,-88.87,-86.71,-84.98,-88.74
-72 ; 24,-88.75,-87.24,-87.46,-87.52
-72 ; 27,-88.65,-86.97,-85.39,-86.64
-72 ; 30,-88.6,-87.5,-85.2,-85.22
-72 ; 33,-88.61,-85.39,-84.18,-85.92
-72 ; 36,-88.62,-86.76,-84.83,-83.25
-72 ; 39,-88.62,-87.46,-84.46,-87.22
-72 ; 42,-88.56,-87.19,-87.56,-86.86
-72 ; 45,-88.54,-87.91,-89.52,-89.37
-69 ; -45,-88.79,-89.21,-89.01,-88.46
-69 ; -42,-88.78,-88.14,-89.44,-88.45
-69 ; -39,-88.72,-88.5,-87.31,-88.1
-69 ; -36,-88.75,-88.92,-89.52,-88.99
-69 ; -33,-88.78,-89.12,-89.69,-88.68
-69 ; -30,-88.72,-88.69,-89.5,-89.45
-69 ; -27,-88.76,-88.07,-88.98,-89.13
-69 ; -24,-89.2,-89.55,-85.13,-89.32
-69 ; -21,-89.28,-89.75,-87.44,-88.45
-69 ; -18,-89.22,-89.79,-89.07,-88.19
-69 ; -15,-89.28,-89.38,-86.38,-87.99
-69 ; -12,-89.21,-89.41,-87.27,-88.38
-69 ; -9,-89.28,-89.09,-88.41,-88.89
-69 ; -6,-89.58,-88.93,-88.32,-89.58
-69 ; -3,-89.46,-89.65,-88.74,-89.67
-69 ; 0,-89.53,-89.37,-89.41,-89.57
-69 ; 3,-89.52,-89.83,-88.88,-89.54
-69 ; 6,-89.53,-89.75,-88.6,-89.29
-69 ; 9,-88.87,-89.61,-87.74,-89.69
-69 ; 12,-88.85,-88.97,-88.44,-89.57
-69 ; 15,-88.81,-88.12,-87.49,-87.61
-69 ; 18,-88.78,-88.14,-88.26,-89.56
-69 ; 21,-88.85,-86.67,-85.16,-89.74
-69 ; 24,-88.91,-87.23,-86.9,-88.64
-69 ; 27,-88.61,-87.25,-85.39,-88.07
-69 ; 30,-88.66,-87.47,-85.63,-87.03
-69 ; 33,-88.68,-85.39,-85.46,-85.58
-69 ; 36,-88.64,-86.44,-82.9,-85.36
-69 ; 39,-88.65,-87.72,-84.66,-88.16
-69 ; 42,-88.64,-87.14,-88.94,-86.34
-69 ; 45,-88.64,-87.86,-89.57,-85.89
-66 ; -45,-88.73,-89.27,-88.69,-86.73
-66 ; -42,-88.72,-88.77,-89.64,-88.21
-66 ; -39,-88.73,-88.51,-87.4,-87.32
-66 ; -36,-88.73,-88.91,-89.8,-88.83
-66 ; -33,-88.73,-88.99,-89.59,-89.45
-66 ; -30,-88.69,-88.7,-89.24,-87.77
-66 ; -27,-88.71,-87.92,-89.51,-89.14
-66 ; -24,-89.29,-89.39,-86.65,-88.23
-66 ; -21,-89.27,-89.66,-88.08,-88.97
-66 ; -18,-89.26,-89.85,-89.15,-85.62
-66 ; -15,-89.29,-89.78,-86.67,-87.33
-66 ; -12,-89.24,-89.46,-87.31,-87.53
-66 ; -9,-89.27,-89.15,-87.97,-87.47
-66 ; -6,-89.51,-88.73,-89.53,-89.42
-66 ; -3,-89.46,-89.68,-88.61,-89.6
-66 ; 0,-89.53,-89.38,-89.45,-89.52
-66 ; 3,-89.58,-89.79,-89.61,-89.36
-66 ; 6,-89.53,-89.62,-89.69,-89.3
-66 ; 9,-88.84,-89.7,-88.7,-88.89
-66 ; 12,-88.82,-89.31,-87.86,-89.63
-66 ; 15,-88.82,-88.01,-88.1,-88.32
-66 ; 18,-88.81,-88.52,-89.7,-88.42
-66 ; 21,-88.85,-86.62,-86.96,-89.85
-66 ; 24,-88.87,-87.55,-85.89,-87.04
-66 ; 27,-88.64,-87.28,-85.74,-88.76
-66 ; 30,-88.71,-87.21,-85.22,-88.3
-66 ; 33,-88.69,-85.69,-86.47,-87.21
-66 ; 36,-88.67,-85.58,-82.26,-84.48
-66 ; 39,-88.6,-87.73,-85.47,-87.66
-66 ; 42,-88.6,-87.3,-88.2,-86.41
-66 ; 45,-88.67,-87.91,-89.15,-85.84
-63 ; -45,-88.77,-89.28,-88.61,-88.79
-63 ; -42,-88.73,-88.76,-88.37,-88.2
-63 ; -39,-88.69,-87.88,-85.56,-87.48
-63 ; -36,-88.71,-89.35,-89.63,-89.16
-63 ; -33,-88.7,-88.95,-89.49,-87.98
-63 ; -30,-88.75,-88.87,-88.76,-88.54
-63 ; -27,-88.76,-88.44,-89.75,-88.73
-63 ; -24,-89.27,-88.82,-88.32,-89.5
-63 ; -21,-89.25,-89.47,-88.07,-88.4
-63 ; -18,-89.26,-89.77,-88.59,-87.51
-63 ; -15,-89.26,-89.82,-87.95,-88.42
-63 ; -12,-89.24,-89.25,-87.12,-89.37
-63 ; -9,-89.23,-89.18,-87.24,-88.85
-63 ; -6,-89.55,-88.77,-88.81,-89.36
-63 ; -3,-89.54,-89.38,-89.27,-88.56
-63 ; 0,-89.54,-89.39,-89.56,-89.31
-63 ; 3,-89.54,-89.76,-89.78,-89.41
-63 ; 6,-89.53,-89.81,-89.69,-89.65
-63 ; 9,-88.84,-89.65,-88.5,-87.88
-63 ; 12,-88.83,-89.41,-88.77,-89.66
-63 ; 15,-88.88,-88.19,-87.42,-88.85
-63 ; 18,-88.84,-88.26,-88.65,-89.15
-63 ; 21,-88.85,-87.26,-88.74,-89.24
-63 ; 24,-88.77,-87.46,-87.52,-89.15
-63 ; 27,-88.63,-87.35,-86.64,-88.45
-63 ; 30,-88.66,-87.52,-85.22,-89.02
-63 ; 33,-88.55,-86.29,-85.92,-88.62
-63 ; 36,-88.63,-85.53,-83.25,-88.26
-63 ; 39,-88.66,-86.83,-87.22,-89.59
-63 ; 42,-88.63,-87.25,-86.86,-85.57
-63 ; 45,-88.62,-87.01,-89.37,-84.49
-60 ; -45,-88.74,-88.69,-88.46,-89.09
-60 ; -42,-88.7,-88.06,-88.45,-89.06
-60 ; -39,-88.69,-88.51,-88.1,-88.14
-60 ; -36,-88.74,-89.28,-88.99,-89.43
-60 ; -33,-88.69,-88.79,-88.68,-89.12
-60 ; -30,-88.67,-88.89,-89.45,-88.29
-60 ; -27,-88.72,-88.48,-89.13,-88.59
-60 ; -24,-89.26,-89.09,-89.32,-89.53
-60 ; -21,-89.27,-89.56,-88.45,-88.97
-60 ; -18,-89.3,-89.64,-88.19,-88.43
-60 ; -15,-89.3,-89.7,-87.99,-88.57
-60 ; -12,-89.2,-89.09,-88.38,-89.13
-60 ; -9,-89.28,-89.53,-88.89,-88.16
-60 ; -6,-89.57,-88.99,-89.58,-89.55
-60 ; -3,-89.56,-89.27,-89.67,-89.71
-60 ; 0,-89.57,-89.37,-89.57,-89.72
-60 ; 3,-89.54,-89.6,-89.54,-89.38
-60 ; 6,-89.51,-89.84,-89.29,-89.16
-60 ; 9,-88.87,-89.77,-89.69,-89.33
-60 ; 12,-88.79,-89.69,-89.57,-89.64
-60 ; 15,-88.87,-88.97,-87.61,-89.24
-60 ; 18,-88.79,-88.3,-89.56,-88.8
-60 ; 21,-88.86,-87.28,-89.74,-89.22
-60 ; 24,-88.84,-87.65,-88.64,-88.6
-60 ; 27,-88.65,-87.0,-88.07,-88.26
-60 ; 30,-88.6,-87.55,-87.03,-89.19
-60 ; 33,-88.65,-86.56,-85.58,-89.01
-60 ; 36,-88.62,-85.35,-85.36,-88.22
-60 ; 39,-88.67,-86.57,-88.16,-89.85
-60 ; 42,-88.62,-86.45,-86.34,-88.57
-60 ; 45,-88.57,-87.3,-85.89,-86.89
-57 ; -45,-88.72,-88.58,-86.73,-89.66
-57 ; -42,-88.76,-88.48,-88.21,-89.27
-57 ; -39,-88.7,-88.12,-87.32,-88.48
-57 ; -36,-88.71,-89.41,-88.83,-89.17
-57 ; -33,-88.71,-88.95,-89.45,-89.59
-57 ; -30,-88.71,-88.72,-87.77,-88.49
-57 ; -27,-88.71,-89.02,-89.14,-88.17
-57 ; -24,-89.22,-89.11,-88.23,-89.84
-57 ; -21,-89.27,-89.83,-88.97,-89.6
-57 ; -18,-89.28,-89.46,-85.62,-89.77
-57 ; -15,-89.27,-89.74,-87.33,-88.36
-57 ; -12,-89.25,-89.46,-87.53,-89.77
-57 ; -9,-89.25,-89.21,-87.47,-89.0
-57 ; -6,-89.56,-88.91,-89.42,-88.91
-57 ; -3,-89.54,-89.48,-89.6,-89.05
-57 ; 0,-89.56,-89.47,-89.52,-89.67
-57 ; 3,-89.5,-89.51,-89.36,-89.01
-57 ; 6,-89.52,-89.79,-89.3,-89.12
-57 ; 9,-88.82,-89.4,-88.89,-87.47
-57 ; 12,-88.88,-89.86,-89.63,-89.22
-57 ; 15,-88.82,-89.71,-88.32,-89.84
-57 ; 18,-88.82,-89.31,-88.42,-89.21
-57 ; 21,-88.83,-88.07,-89.85,-87.76
-57 ; 24,-88.85,-87.51,-87.04,-87.76
-57 ; 27,-88.59,-87.74,-88.76,-86.64
-57 ; 30,-88.64,-87.57,-88.3,-88.8
-57 ; 33,-88.62,-86.81,-87.21,-85.5
-57 ; 36,-88.65,-85.96,-84.48,-89.04
-57 ; 39,-88.61,-86.88,-87.66,-89.28
-57 ; 42,-88.63,-87.14,-86.41,-89.43
-57 ; 45,-88.63,-87.56,-85.84,-88.84
-54 ; -45,-88.7,-88.79,-88.79,-88.76
-54 ; -42,-88.74,-88.86,-88.2,-89.45
-54 ; -39,-88.68,-88.2,-87.48,-87.76
-54 ; -36,-88.7,-88.85,-89.16,-89.71
-54 ; -33,-88.7,-88.13,-87.98,-89.57
-54 ; -30,-88.65,-88.93,-88.54,-89.42
-54 ; -27,-88.68,-89.02,-88.73,-89.14
-54 ; -24,-89.25,-89.48,-89.5,-89.06
-54 ; -21,-89.26,-89.64,-88.4,-88.28
-54 ; -18,-89.28,-89.54,-87.51,-89.59
-54 ; -15,-89.25,-89.75,-88.42,-89.64
-54 ; -12,-89.22,-89.57,-89.37,-89.67
-54 ; -9,-89.19,-89.3,-88.85,-89.76
-54 ; -6,-89.61,-89.0,-89.36,-89.53
-54 ; -3,-89.56,-89.47,-88.56,-89.9
-54 ; 0,-89.51,-89.39,-89.31,-89.71
-54 ; 3,-89.55,-89.61,-89.41,-88.97
-54 ; 6,-89.53,-89.9,-89.65,-89.72
-54 ; 9,-88.83,-89.55,-87.88,-89.28
-54 ; 12,-88.84,-89.8,-89.66,-88.75
-54 ; 15,-88.82,-89.61,-88.85,-89.22
-54 ; 18,-88.82,-89.18,-89.15,-89.45
-54 ; 21,-88.8,-88.59,-89.24,-87.28
-54 ; 24,-88.78,-87.24,-89.15,-86.65
-54 ; 27,-88.59,-87.75,-88.45,-86.38
-54 ; 30,-88.65,-87.58,-89.02,-88.75
-54 ; 33,-88.57,-86.76,-88.62,-85.97
-54 ; 36,-88.59,-87.04,-88.26,-86.75
-54 ; 39,-88.65,-87.17,-89.59,-88.55
-54 ; 42,-88.57,-86.92,-85.57,-89.41
-54 ; 45,-88.63,-86.58,-84.49,-89.08
-51 ; -45,-88.7,-88.81,-89.09,-84.79
-51 ; -42,-88.73,-88.83,-89.06,-88.79
-51 ; -39,-88.72,-88.28,-88.14,-88.42
-51 ; -36,-88.74,-88.88,-89.43,-88.65
-51 ; -33,-88.76,-88.89,-89.12,-89.5
-51 ; -30,-88.77,-88.11,-88.29,-89.3
-51 ; -27,-88.73,-88.92,-88.59,-85.88
-51 ; -24,-89.26,-89.6,-89.53,-88.94
-51 ; -21,-89.26,-89.75,-88.97,-88.85
-51 ; -18,-89.28,-89.49,-88.43,-89.01
-51 ; -15,-89.21,-89.49,-88.57,-89.17
-51 ; -12,-89.23,-89.75,-89.13,-88.47
-51 ; -9,-89.23,-89.58,-88.16,-88.46
-51 ; -6,-89.58,-89.32,-89.55,-87.61
-51 ; -3,-89.51,-89.38,-89.71,-88.39
-51 ; 0,-89.57,-89.35,-89.72,-89.76
-51 ; 3,-89.54,-89.51,-89.38,-87.45
-51 ; 6,-89.48,-89.81,-89.16,-89.18
-51 ; 9,-88.81,-89.46,-89.33,-86.38
-51 ; 12,-88.85,-89.83,-89.64,-89.12
-51 ; 15,-88.81,-89.58,-89.24,-87.63
-51 ; 18,-88.84,-89.61,-88.8,-87.71
-51 ; 21,-88.81,-88.73,-89.22,-86.88
-51 ; 24,-88.83,-88.64,-88.6,-86.46
-51 ; 27,-88.64,-88.33,-88.26,-85.96
-51 ; 30,-88.59,-88.0,-89.19,-84.49
-51 ; 33,-88.6,-86.71,-89.01,-82.25
-51 ; 36,-88.6,-86.75,-88.22,-85.25
-51 ; 39,-88.59,-86.93,-89.85,-86.72
-51 ; 42,-88.61,-87.18,-88.57,-86.61
-51 ; 45,-88.63,-87.12,-86.89,-89.11
-48 ; -45,-88.68,-88.9,-89.66,-88.53
-48 ; -42,-88.69,-88.5,-89.27,-87.21
-48 ; -39,-88.7,-88.13,-88.48,-87.89
-48 ; -36,-88.74,-88.89,-89.17,-88.9
-48 ; -33,-88.69,-88.91,-89.59,-89.55
-48 ; -30,-88.71,-88.26,-88.49,-87.04
-48 ; -27,-88.71,-88.13,-88.17,-88.09
-48 ; -24,-89.18,-89.12,-89.84,-89.47
-48 ; -21,-89.25,-89.56,-89.6,-88.01
-48 ; -18,-89.25,-89.57,-89.77,-88.71
-48 ; -15,-89.29,-89.54,-88.36,-89.49
-48 ; -12,-89.22,-89.8,-89.77,-89.55
-48 ; -9,-89.31,-89.76,-89.0,-88.23
-48 ; -6,-89.55,-89.39,-88.91,-86.18
-48 ; -3,-89.53,-89.13,-89.05,-89.46
-48 ; 0,-89.53,-89.41,-89.67,-89.54
-48 ; 3,-89.52,-89.41,-89.01,-89.28
-48 ; 6,-89.5,-89.8,-89.12,-89.76
-48 ; 9,-88.81,-88.98,-87.47,-86.48
-48 ; 12,-88.86,-89.47,-89.22,-88.81
-48 ; 15,-88.77,-89.6,-89.84,-89.49
-48 ; 18,-88.84,-89.62,-89.21,-88.78
-48 ; 21,-88.8,-88.85,-87.76,-88.41
-48 ; 24,-88.78,-88.79,-87.76,-86.7
-48 ; 27,-88.6,-89.07,-86.64,-84.78
-48 ; 30,-88.63,-88.27,-88.8,-86.64
-48 ; 33,-88.61,-86.78,-85.5,-84.2
-48 ; 36,-88.62,-86.75,-89.04,-84.16
-48 ; 39,-88.64,-86.99,-89.28,-86.12
-48 ; 42,-88.7,-87.21,-89.43,-86.66
-48 ; 45,-88.63,-87.25,-88.84,-87.53
-45 ; -45,-88.74,-88.83,-88.76,-89.26
-45 ; -42,-88.76,-88.65,-89.45,-87.7
-45 ; -39,-88.72,-88.7,-87.76,-88.85
-45 ; -36,-88.8,-89.09,-89.71,-89.48
-45 ; -33,-88.73,-89.1,-89.57,-88.31
-45 ; -30,-88.75,-88.81,-89.42,-89.25
-45 ; -27,-88.79,-88.51,-89.14,-88.32
-45 ; -24,-89.22,-88.9,-89.06,-89.31
-45 ; -21,-89.22,-89.26,-88.28,-88.99
-45 ; -18,-89.23,-89.53,-89.59,-89.55
-45 ; -15,-89.29,-89.43,-89.64,-89.47
-45 ; -12,-89.25,-89.79,-89.67,-89.58
-45 ; -9,-89.25,-89.67,-89.76,-89.6
-45 ; -6,-89.55,-89.69,-89.53,-87.67
-45 ; -3,-89.53,-89.58,-89.9,-89.77
-45 ; 0,-89.57,-89.35,-89.71,-89.34
-45 ; 3,-89.51,-89.57,-88.97,-89.78
-45 ; 6,-89.59,-89.78,-89.72,-89.78
-45 ; 9,-88.94,-89.21,-89.28,-87.5
-45 ; 12,-88.91,-89.43,-88.75,-87.23
-45 ; 15,-88.98,-89.05,-89.22,-89.66
-45 ; 18,-89.0,-89.49,-89.45,-89.76
-45 ; 21,-88.91,-88.94,-87.28,-87.68
-45 ; 24,-88.89,-88.82,-86.65,-87.42
-45 ; 27,-88.73,-89.33,-86.38,-85.91
-45 ; 30,-88.73,-89.01,-88.75,-86.93
-45 ; 33,-88.73,-88.28,-85.97,-85.75
-45 ; 36,-88.77,-86.76,-86.75,-86.47
-45 ; 39,-88.74,-86.82,-88.55,-87.74
-45 ; 42,-88.72,-87.76,-89.41,-87.69
-45 ; 45,-88.81,-87.21,-89.08,-88.86
-42 ; -45,-88.74,-87.49,-84.79,-88.77
-42 ; -42,-88.74,-88.61,-88.79,-89.12
-42 ; -39,-88.81,-88.47,-88.42,-89.34
-42 ; -36,-88.74,-88.91,-88.65,-89.25
-42 ; -33,-88.71,-88.3,-89.5,-87.33
-42 ; -30,-88.8,-88.1,-89.3,-88.43
-42 ; -27,-88.76,-87.61,-85.88,-89.27
-42 ; -24,-89.26,-89.17,-88.94,-88.09
-42 ; -21,-89.22,-88.78,-88.85,-89.75
-42 ; -18,-89.21,-89.57,-89.01,-89.08
-42 ; -15,-89.23,-89.3,-89.17,-89.14
-42 ; -12,-89.23,-88.89,-88.47,-89.39
-42 ; -9,-89.24,-89.67,-88.46,-88.0
-42 ; -6,-89.55,-89.15,-87.61,-88.21
-42 ; -3,-89.59,-89.41,-88.39,-88.65
-42 ; 0,-89.56,-89.34,-89.76,-89.74
-42 ; 3,-89.58,-89.14,-87.45,-89.44
-42 ; 6,-89.54,-89.77,-89.18,-89.7
-42 ; 9,-89.0,-89.04,-86.38,-89.48
-42 ; 12,-88.95,-88.71,-89.12,-88.49
-42 ; 15,-88.98,-89.03,-87.63,-87.84
-42 ; 18,-88.92,-89.69,-87.71,-89.58
-42 ; 21,-88.93,-89.24,-86.88,-88.67
-42 ; 24,-88.9,-89.14,-86.46,-89.43
-42 ; 27,-88.74,-88.9,-85.96,-88.85
-42 ; 30,-88.74,-89.44,-84.49,-87.21
-42 ; 33,-88.73,-88.47,-82.25,-86.45
-42 ; 36,-88.75,-88.68,-85.25,-89.11
-42 ; 39,-88.7,-87.09,-86.72,-89.09
-42 ; 42,-88.67,-86.78,-86.61,-89.02
-42 ; 45,-88.74,-87.74,-89.11,-88.99
-39 ; -45,-88.8,-88.48,-88.53,-85.84
-39 ; -42,-88.75,-88.66,-87.21,-88.57
-39 ; -39,-88.82,-88.36,-87.89,-89.42
-39 ; -36,-88.77,-89.15,-88.9,-89.01
-39 ; -33,-88.78,-88.94,-89.55,-89.66
-39 ; -30,-88.73,-88.6,-87.04,-87.22
-39 ; -27,-88.77,-88.13,-88.09,-88.62
-39 ; -24,-89.27,-88.8,-89.47,-87.19
-39 ; -21,-89.24,-88.98,-88.01,-89.32
-39 ; -18,-89.27,-88.82,-88.71,-89.21
-39 ; -15,-89.23,-89.32,-89.49,-89.7
-39 ; -12,-89.31,-89.4,-89.55,-88.49
-39 ; -9,-89.27,-89.44,-88.23,-85.81
-39 ; -6,-89.59,-89.15,-86.18,-86.82
-39 ; -3,-89.59,-89.36,-89.46,-89.04
-39 ; 0,-89.56,-89.36,-89.54,-89.58
-39 ; 3,-89.56,-89.27,-89.28,-89.37
-39 ; 6,-89.57,-89.79,-89.76,-89.52
-39 ; 9,-88.97,-88.88,-86.48,-88.47
-39 ; 12,-88.96,-88.9,-88.81,-89.15
-39 ; 15,-88.97,-89.14,-89.49,-86.08
-39 ; 18,-88.92,-88.57,-88.78,-89.68
-39 ; 21,-88.92,-89.34,-88.41,-88.29
-39 ; 24,-88.92,-89.18,-86.7,-87.38
-39 ; 27,-88.71,-89.11,-84.78,-88.39
-39 ; 30,-88.72,-89.42,-86.64,-88.66
-39 ; 33,-88.75,-88.18,-84.2,-85.83
-39 ; 36,-88.77,-88.71,-84.16,-85.9
-39 ; 39,-88.74,-88.76,-86.12,-88.35
-39 ; 42,-88.72,-87.99,-86.66,-89.51
-39 ; 45,-88.75,-87.72,-87.53,-88.17
-36 ; -45,-88.78,-89.43,-89.26,-89.32
-36 ; -42,-88.69,-89.42,-87.7,-89.05
-36 ; -39,-88.7,-89.31,-88.85,-89.13
-36 ; -36,-88.76,-89.54,-89.48,-89.18
-36 ; -33,-88.8,-89.42,-88.31,-89.68
-36 ; -30,-88.73,-89.11,-89.25,-88.69
-36 ; -27,-88.71,-89.38,-88.32,-87.83
-36 ; -24,-89.21,-88.82,-89.31,-89.23
-36 ; -21,-89.2,-89.17,-88.99,-88.69
-36 ; -18,-89.26,-89.44,-89.55,-89.28
-36 ; -15,-89.23,-89.68,-89.47,-89.44
-36 ; -12,-89.29,-89.38,-89.58,-89.38
-36 ; -9,-89.27,-89.42,-89.6,-87.66
-36 ; -6,-89.58,-89.6,-87.67,-88.36
-36 ; -3,-89.53,-89.76,-89.77,-89.83
-36 ; 0,-89.49,-89.74,-89.34,-89.72
-36 ; 3,-89.56,-89.08,-89.78,-89.33
-36 ; 6,-89.57,-89.78,-89.78,-89.54
-36 ; 9,-88.92,-89.32,-87.5,-88.43
-36 ; 12,-88.92,-89.73,-87.23,-87.61
-36 ; 15,-88.95,-89.35,-89.66,-89.15
-36 ; 18,-88.96,-89.38,-89.76,-89.77
-36 ; 21,-88.89,-89.37,-87.68,-87.48
-36 ; 24,-88.83,-89.77,-87.42,-87.07
-36 ; 27,-88.75,-89.8,-85.91,-85.75
-36 ; 30,-88.69,-89.74,-86.93,-88.55
-36 ; 33,-88.78,-89.64,-85.75,-84.46
-36 ; 36,-88.71,-89.72,-86.47,-86.78
-36 ; 39,-88.75,-89.64,-87.74,-88.36
-36 ; 42,-88.69,-89.64,-87.69,-88.84
-36 ; 45,-88.76,-88.93,-88.86,-89.64
-33 ; -45,-88.78,-89.54,-88.77,-88.84
-33 ; -42,-88.79,-89.48,-89.12,-88.74
-33 ; -39,-88.74,-89.55,-89.34,-85.54
-33 ; -36,-88.76,-89.6,-89.25,-89.42
-33 ; -33,-88.81,-89.5,-87.33,-89.37
-33 ; -30,-88.77,-89.52,-88.43,-88.58
-33 ; -27,-88.75,-89.45,-89.27,-88.88
-33 ; -24,-89.22,-89.84,-88.09,-87.99
-33 ; -21,-89.27,-89.3,-89.75,-89.01
-33 ; -18,-89.25,-89.34,-89.08,-89.73
-33 ; -15,-89.23,-89.56,-89.14,-89.67
-33 ; -12,-89.21,-89.46,-89.39,-88.33
-33 ; -9,-89.23,-88.99,-88.0,-88.84
-33 ; -6,-89.54,-89.83,-88.21,-89.71
-33 ; -3,-89.56,-89.79,-88.65,-88.55
-33 ; 0,-89.57,-89.73,-89.74,-89.52
-33 ; 3,-89.6,-89.27,-89.44,-89.69
-33 ; 6,-89.57,-89.62,-89.7,-89.7
-33 ; 9,-88.87,-89.75,-89.48,-88.49
-33 ; 12,-88.92,-89.06,-88.49,-87.05
-33 ; 15,-88.92,-89.62,-87.84,-89.05
-33 ; 18,-88.92,-88.94,-89.58,-89.41
-33 ; 21,-88.93,-89.23,-88.67,-85.31
-33 ; 24,-88.97,-89.68,-89.43,-85.67
-33 ; 27,-88.71,-89.29,-88.85,-83.09
-33 ; 30,-88.7,-89.32,-87.21,-83.04
-33 ; 33,-88.71,-89.22,-86.45,-83.32
-33 ; 36,-88.71,-89.82,-89.11,-83.71
-33 ; 39,-88.68,-89.6,-89.09,-86.06
-33 ; 42,-88.72,-89.58,-89.02,-87.89
-33 ; 45,-88.77,-89.66,-88.99,-89.66
-30 ; -45,-88.76,-89.62,-85.84,-88.25
-30 ; -42,-88.75,-89.29,-88.57,-88.74
-30 ; -39,-88.77,-89.3,-89.42,-89.45
-30 ; -36,-88.77,-89.62,-89.01,-88.89
-30 ; -33,-88.71,-89.54,-89.66,-89.1
-30 ; -30,-88.82,-89.19,-87.22,-89.6
-30 ; -27,-88.79,-88.9,-88.62,-89.43
-30 ; -24,-89.18,-89.69,-87.19,-87.91
-30 ; -21,-89.26,-89.42,-89.32,-86.54
-30 ; -18,-89.25,-89.17,-89.21,-89.66
-30 ; -15,-89.23,-89.61,-89.7,-88.92
-30 ; -12,-89.2,-89.24,-88.49,-89.76
-30 ; -9,-89.22,-88.56,-85.81,-89.53
-30 ; -6,-89.57,-89.29,-86.82,-87.67
-30 ; -3,-89.59,-89.79,-89.04,-89.43
-30 ; 0,-89.54,-89.73,-89.58,-89.73
-30 ; 3,-89.58,-89.61,-89.37,-88.98
-30 ; 6,-89.54,-89.84,-89.52,-88.0
-30 ; 9,-88.99,-89.3,-88.47,-89.18
-30 ; 12,-88.95,-88.64,-89.15,-88.46
-30 ; 15,-88.94,-88.67,-86.08,-89.46
-30 ; 18,-88.93,-88.97,-89.68,-89.17
-30 ; 21,-88.89,-88.46,-88.29,-86.0
-30 ; 24,-88.92,-89.16,-87.38,-85.8
-30 ; 27,-88.75,-89.37,-88.39,-82.22
-30 ; 30,-88.71,-89.2,-88.66,-83.39
-30 ; 33,-88.71,-87.74,-85.83,-82.27
-30 ; 36,-88.73,-89.28,-85.9,-82.71
-30 ; 39,-88.75,-89.52,-88.35,-82.45
-30 ; 42,-88.74,-89.28,-89.51,-86.9
-30 ; 45,-88.75,-89.52,-88.17,-88.87
-27 ; -45,-88.79,-89.39,-89.32,-88.07
-27 ; -42,-88.84,-89.35,-89.05,-88.69
-27 ; -39,-88.76,-89.16,-89.13,-84.28
-27 ; -36,-88.74,-89.54,-89.18,-89.75
-27 ; -33,-88.71,-89.52,-89.68,-89.41
-27 ; -30,-88.76,-89.26,-88.69,-88.03
-27 ; -27,-88.76,-89.07,-87.83,-89.62
-27 ; -24,-89.23,-89.53,-89.23,-88.68
-27 ; -21,-89.2,-89.77,-88.69,-89.25
-27 ; -18,-89.25,-89.16,-89.28,-89.35
-27 ; -15,-89.24,-89.17,-89.44,-89.02
-27 ; -12,-89.23,-89.58,-89.38,-89.69
-27 ; -9,-89.25,-89.04,-87.66,-86.79
-27 ; -6,-89.56,-88.47,-88.36,-89.15
-27 ; -3,-89.52,-89.77,-89.83,-88.99
-27 ; 0,-89.54,-89.66,-89.72,-89.66
-27 ; 3,-89.54,-89.4,-89.33,-89.66
-27 ; 6,-89.58,-89.67,-89.54,-88.83
-27 ; 9,-88.95,-89.3,-88.43,-87.69
-27 ; 12,-88.97,-88.85,-87.61,-87.74
-27 ; 15,-88.92,-88.52,-89.15,-89.15
-27 ; 18,-88.91,-88.57,-89.77,-88.81
-27 ; 21,-88.92,-87.5,-87.48,-85.51
-27 ; 24,-88.92,-88.5,-87.07,-83.74
-27 ; 27,-88.72,-88.41,-85.75,-81.71
-27 ; 30,-88.71,-88.75,-88.55,-82.16
-27 ; 33,-88.78,-87.43,-84.46,-82.19
-27 ; 36,-88.71,-87.48,-86.78,-82.0
-27 ; 39,-88.7,-89.21,-88.36,-84.6
-27 ; 42,-88.74,-88.94,-88.84,-87.11
-27 ; 45,-88.71,-89.4,-89.64,-89.1
-24 ; -45,-88.73,-88.81,-88.84,-87.96
-24 ; -42,-88.71,-89.64,-88.74,-89.41
-24 ; -39,-88.72,-89.11,-85.54,-87.15
-24 ; -36,-88.73,-89.57,-89.42,-88.44
-24 ; -33,-88.7,-89.56,-89.37,-88.81
-24 ; -30,-88.72,-89.59,-88.58,-89.24
-24 ; -27,-88.72,-89.26,-88.88,-89.32
-24 ; -24,-89.29,-89.71,-87.99,-89.22
-24 ; -21,-89.25,-89.59,-89.01,-86.42
-24 ; -18,-89.25,-89.12,-89.73,-88.78
-24 ; -15,-89.3,-89.19,-89.67,-89.63
-24 ; -12,-89.33,-89.02,-88.33,-89.41
-24 ; -9,-89.26,-89.62,-88.84,-89.09
-24 ; -6,-89.56,-89.41,-89.71,-89.33
-24 ; -3,-89.53,-88.78,-88.55,-89.57
-24 ; 0,-89.49,-89.66,-89.52,-89.67
-24 ; 3,-89.54,-89.26,-89.69,-89.74
-24 ; 6,-89.56,-89.8,-89.7,-89.8
-24 ; 9,-88.76,-89.57,-88.49,-89.02
-24 ; 12,-88.68,-89.08,-87.05,-87.9
-24 ; 15,-88.8,-88.39,-89.05,-89.2
-24 ; 18,-88.72,-88.5,-89.41,-89.18
-24 ; 21,-88.75,-87.26,-85.31,-86.87
-24 ; 24,-88.75,-87.47,-85.67,-84.3
-24 ; 27,-88.58,-86.89,-83.09,-82.87
-24 ; 30,-88.56,-87.7,-83.04,-84.2
-24 ; 33,-88.6,-87.13,-83.32,-84.05
-24 ; 36,-88.54,-87.45,-83.71,-83.31
-24 ; 39,-88.52,-87.27,-86.06,-86.68
-24 ; 42,-88.61,-88.05,-87.89,-88.0
-24 ; 45,-88.53,-88.83,-89.66,-89.35
-21 ; -45,-88.71,-88.03,-88.25,-88.11
-21 ; -42,-88.71,-88.58,-88.74,-88.63
-21 ; -39,-88.72,-89.36,-89.45,-87.9
-21 ; -36,-88.7,-89.49,-88.89,-88.49
-21 ; -33,-88.72,-89.31,-89.1,-88.5
-21 ; -30,-88.63,-89.34,-89.6,-86.54
-21 ; -27,-88.77,-88.96,-89.43,-88.15
-21 ; -24,-89.27,-89.48,-87.91,-87.57
-21 ; -21,-89.25,-89.4,-86.54,-89.01
-21 ; -18,-89.28,-89.21,-89.66,-88.66
-21 ; -15,-89.28,-88.51,-88.92,-89.15
-21 ; -12,-89.26,-87.9,-89.76,-89.3
-21 ; -9,-89.28,-89.22,-89.53,-88.15
-21 ; -6,-89.53,-88.95,-87.67,-86.46
-21 ; -3,-89.53,-89.22,-89.43,-87.58
-21 ; 0,-89.58,-89.44,-89.73,-89.63
-21 ; 3,-89.53,-89.51,-88.98,-89.35
-21 ; 6,-89.51,-89.62,-88.0,-88.64
-21 ; 9,-88.71,-89.52,-89.18,-87.31
-21 ; 12,-88.75,-89.02,-88.46,-87.93
-21 ; 15,-88.71,-87.82,-89.46,-89.24
-21 ; 18,-88.68,-86.68,-89.17,-88.46
-21 ; 21,-88.73,-86.9,-86.0,-85.4
-21 ; 24,-88.76,-86.5,-85.8,-84.27
-21 ; 27,-88.52,-85.71,-82.22,-82.6
-21 ; 30,-88.51,-86.85,-83.39,-83.17
-21 ; 33,-88.51,-84.81,-82.27,-82.96
-21 ; 36,-88.58,-85.41,-82.71,-84.15
-21 ; 39,-88.55,-85.49,-82.45,-84.35
-21 ; 42,-88.58,-86.96,-86.9,-86.92
-21 ; 45,-88.55,-87.6,-88.87,-88.49
-18 ; -45,-88.74,-88.44,-88.07,-88.54
-18 ; -42,-88.72,-88.96,-88.69,-88.04
-18 ; -39,-88.74,-88.14,-84.28,-87.25
-18 ; -36,-88.72,-89.41,-89.75,-88.52
-18 ; -33,-88.74,-89.37,-89.41,-88.16
-18 ; -30,-88.76,-89.15,-88.03,-86.76
-18 ; -27,-88.7,-89.48,-89.62,-85.73
-18 ; -24,-89.22,-89.56,-88.68,-86.55
-18 ; -21,-89.25,-89.32,-89.25,-87.81
-18 ; -18,-89.23,-89.08,-89.35,-89.41
-18 ; -15,-89.32,-88.89,-89.02,-89.31
-18 ; -12,-89.3,-88.09,-89.69,-88.61
-18 ; -9,-89.25,-88.09,-86.79,-88.32
-18 ; -6,-89.5,-89.1,-89.15,-82.69
-18 ; -3,-89.47,-89.0,-88.99,-86.14
-18 ; 0,-89.5,-89.27,-89.66,-88.98
-18 ; 3,-89.54,-89.36,-89.66,-89.64
-18 ; 6,-89.52,-89.68,-88.83,-86.55
-18 ; 9,-88.68,-89.26,-87.69,-85.08
-18 ; 12,-88.69,-88.56,-87.74,-85.01
-18 ; 15,-88.75,-88.29,-89.15,-87.06
-18 ; 18,-88.77,-87.01,-88.81,-85.14
-18 ; 21,-88.71,-85.71,-85.51,-81.89
-18 ; 24,-88.71,-85.94,-83.74,-80.46
-18 ; 27,-88.54,-85.28,-81.71,-78.84
-18 ; 30,-88.5,-85.23,-82.16,-78.6
-18 ; 33,-88.52,-84.42,-82.19,-77.46000000000001
-18 ; 36,-88.53,-84.33,-82.0,-83.28
-18 ; 39,-88.54,-84.86,-84.6,-82.28
-18 ; 42,-88.46,-85.01,-87.11,-83.68
-18 ; 45,-88.61,-85.69,-89.1,-88.79
-15 ; -45,-88.69,-88.24,-87.96,-88.58
-15 ; -42,-88.67,-88.0,-89.41,-89.71
-15 ; -39,-88.72,-88.3,-87.15,-88.32
-15 ; -36,-88.7,-88.69,-88.44,-87.85
-15 ; -33,-88.72,-88.97,-88.81,-88.22
-15 ; -30,-88.66,-89.22,-89.24,-88.47
-15 ; -27,-88.71,-89.07,-89.32,-87.41
-15 ; -24,-89.26,-89.32,-89.22,-86.67
-15 ; -21,-89.28,-88.3,-86.42,-86.96
-15 ; -18,-89.3,-88.71,-88.78,-89.09
-15 ; -15,-89.28,-88.56,-89.63,-89.67
-15 ; -12,-89.28,-87.5,-89.41,-88.34
-15 ; -9,-89.3,-87.34,-89.09,-87.43
-15 ; -6,-89.51,-88.39,-89.33,-85.89
-15 ; -3,-89.49,-88.81,-89.57,-86.71
-15 ; 0,-89.53,-88.75,-89.67,-88.48
-15 ; 3,-89.54,-89.13,-89.74,-88.29
-15 ; 6,-89.51,-89.74,-89.8,-87.38
-15 ; 9,-88.72,-89.38,-89.02,-82.6
-15 ; 12,-88.7,-88.66,-87.9,-82.42
-15 ; 15,-88.7,-86.98,-89.2,-84.1
-15 ; 18,-88.65,-85.95,-89.18,-83.9
-15 ; 21,-88.71,-85.4,-86.87,-79.58
-15 ; 24,-88.69,-84.43,-84.3,-76.85
-15 ; 27,-88.54,-83.99,-82.87,-75.71000000000001
-15 ; 30,-88.59,-84.4,-84.2,-75.3
-15 ; 33,-88.54,-83.38,-84.05,-74.25
-15 ; 36,-88.54,-83.01,-83.31,-76.02
-15 ; 39,-88.56,-83.47,-86.68,-77.48
-15 ; 42,-88.51,-84.31,-88.0,-80.13
-15 ; 45,-88.53,-84.96,-89.35,-84.02
-12 ; -45,-88.68,-87.88,-88.11,-89.05
-12 ; -42,-88.69,-88.03,-88.63,-86.99
-12 ; -39,-88.75,-88.1,-87.9,-85.36
-12 ; -36,-88.69,-88.43,-88.49,-86.96
-12 ; -33,-88.72,-88.84,-88.5,-88.17
-12 ; -30,-88.72,-88.7,-86.54,-88.19
-12 ; -27,-88.73,-89.3,-88.15,-89.06
-12 ; -24,-89.29,-89.89,-87.57,-87.41
-12 ; -21,-89.32,-89.28,-89.01,-84.39
-12 ; -18,-89.29,-88.31,-88.66,-86.3
-12 ; -15,-89.31,-88.15,-89.15,-89.83
-12 ; -12,-89.28,-88.56,-89.3,-89.19
-12 ; -9,-89.29,-87.61,-88.15,-86.06
-12 ; -6,-89.58,-88.43,-86.46,-84.85
-12 ; -3,-89.55,-88.15,-87.58,-86.53
-12 ; 0,-89.5,-88.76,-89.63,-87.96
-12 ; 3,-89.51,-88.88,-89.35,-88.22
-12 ; 6,-89.55,-89.5,-88.64,-84.78
-12 ; 9,-88.71,-89.68,-87.31,-82.94
-12 ; 12,-88.71,-89.09,-87.93,-81.36
-12 ; 15,-88.72,-88.11,-89.24,-82.02
-12 ; 18,-88.67,-86.94,-88.46,-82.26
-12 ; 21,-88.75,-85.17,-85.4,-78.18
-12 ; 24,-88.7,-84.26,-84.27,-75.38
-12 ; 27,-88.5,-83.76,-82.6,-73.94
-12 ; 30,-88.53,-83.68,-83.17,-72.64
-12 ; 33,-88.52,-83.05,-82.96,-72.61
-12 ; 36,-88.52,-83.4,-84.15,-73.16
-12 ; 39,-88.56,-82.74,-84.35,-75.53
-12 ; 42,-88.54,-83.16,-86.92,-77.6
-12 ; 45,-88.52,-83.75,-88.49,-82.74
-9 ; -45,-88.72,-88.4,-88.54,-86.79
-9 ; -42,-88.64,-87.81,-88.04,-89.35
-9 ; -39,-88.61,-87.74,-87.25,-85.37
-9 ; -36,-88.68,-88.73,-88.52,-86.84
-9 ; -33,-88.71,-88.87,-88.16,-89.26
-9 ; -30,-88.73,-88.12,-86.76,-86.6
-9 ; -27,-88.72,-88.15,-85.73,-89.68
-9 ; -24,-89.29,-88.57,-86.55,-88.13
-9 ; -21,-89.33,-89.52,-87.81,-87.05
-9 ; -18,-89.25,-88.44,-89.41,-86.94
-9 ; -15,-89.25,-87.74,-89.31,-87.44
-9 ; -12,-89.26,-88.24,-88.61,-89.38
-9 ; -9,-89.25,-87.6,-88.32,-88.1
-9 ; -6,-89.5,-86.71,-82.69,-83.87
-9 ; -3,-89.59,-88.7,-86.14,-85.47
-9 ; 0,-89.54,-88.38,-88.98,-87.72
-9 ; 3,-89.52,-89.23,-89.64,-88.07
-9 ; 6,-89.53,-89.73,-86.55,-85.37
-9 ; 9,-88.69,-89.77,-85.08,-81.2
-9 ; 12,-88.74,-89.06,-85.01,-79.68
-9 ; 15,-88.72,-87.67,-87.06,-79.12
-9 ; 18,-88.67,-87.65,-85.14,-79.03999999999999
-9 ; 21,-88.7,-84.36,-81.89,-77.28
-9 ; 24,-88.74,-84.48,-80.46,-74.73
-9 ; 27,-88.54,-83.36,-78.84,-72.64
-9 ; 30,-88.51,-82.83,-78.6,-71.51
-9 ; 33,-88.51,-81.9,-77.46000000000001,-71.52
-9 ; 36,-88.54,-81.93,-83.28,-72.46000000000001
-9 ; 39,-88.5,-83.19,-82.28,-74.03
-9 ; 42,-88.5,-82.43,-83.68,-76.74
-9 ; 45,-88.55,-83.37,-88.79,-80.59
-6 ; -45,-89.6,-86.53,-88.58,-84.62
-6 ; -42,-89.6,-86.9,-89.71,-88.22
-6 ; -39,-89.61,-87.87,-88.32,-86.77
-6 ; -36,-89.57,-88.72,-87.85,-85.17
-6 ; -33,-89.59,-88.7,-88.22,-86.39
-6 ; -30,-89.61,-89.17,-88.47,-86.31
-6 ; -27,-89.6,-88.13,-87.41,-88.82
-6 ; -24,-89.85,-89.25,-86.67,-88.12
-6 ; -21,-89.83,-88.74,-86.96,-85.81
-6 ; -18,-89.89,-88.87,-89.09,-85.03
-6 ; -15,-89.84,-88.45,-89.67,-88.91
-6 ; -12,-89.87,-86.73,-88.34,-89.69
-6 ; -9,-89.81,-88.43,-87.43,-86.86
-6 ; -6,-89.84,-86.87,-85.89,-83.5
-6 ; -3,-89.88,-88.0,-86.71,-84.17
-6 ; 0,-89.84,-88.35,-88.48,-87.39
-6 ; 3,-89.82,-88.33,-88.29,-88.03
-6 ; 6,-89.84,-89.49,-87.38,-85.2
-6 ; 9,-89.3,-89.82,-82.6,-81.98
-6 ; 12,-89.25,-89.7,-82.42,-79.88
-6 ; 15,-89.26,-88.23,-84.1,-78.91
-6 ; 18,-89.29,-87.64,-83.9,-78.67
-6 ; 21,-89.3,-85.74,-79.58,-77.1
-6 ; 24,-89.29,-84.32,-76.85,-74.57
-6 ; 27,-89.28,-83.42,-75.71000000000001,-72.89
-6 ; 30,-89.21,-83.32,-75.3,-71.52
-6 ; 33,-89.22,-81.8,-74.25,-71.44
-6 ; 36,-89.29,-81.91,-76.02,-72.53999999999999
-6 ; 39,-89.24,-82.38,-77.48,-74.17
-6 ; 42,-89.21,-82.18,-80.13,-76.25
-6 ; 45,-89.26,-82.63,-84.02,-80.35
-3 ; -45,-89.63,-86.66,-89.05,-83.98
-3 ; -42,-89.62,-86.89,-86.99,-86.24
-3 ; -39,-89.58,-86.99,-85.36,-88.56
-3 ; -36,-89.56,-87.5,-86.96,-86.77
-3 ; -33,-89.62,-87.95,-88.17,-87.26
-3 ; -30,-89.63,-87.86,-88.19,-83.94
-3 ; -27,-89.65,-89.1,-89.06,-85.34
-3 ; -24,-89.81,-89.33,-87.41,-88.66
-3 ; -21,-89.86,-89.24,-84.39,-85.51
-3 ; -18,-89.91,-88.66,-86.3,-84.57
-3 ; -15,-89.88,-87.71,-89.83,-87.87
-3 ; -12,-89.9,-88.0,-89.19,-88.6
-3 ; -9,-89.85,-87.02,-86.06,-87.36
-3 ; -6,-89.83,-86.81,-84.85,-84.21
-3 ; -3,-89.86,-87.46,-86.53,-83.99
-3 ; 0,-89.78,-88.28,-87.96,-86.79
-3 ; 3,-89.82,-88.75,-88.22,-88.08
-3 ; 6,-89.8,-89.55,-84.78,-86.18
-3 ; 9,-89.27,-89.84,-82.94,-82.27
-3 ; 12,-89.28,-89.61,-81.36,-81.77
-3 ; 15,-89.22,-89.09,-82.02,-80.43
-3 ; 18,-89.27,-87.86,-82.26,-80.03
-3 ; 21,-89.27,-86.19,-78.18,-79.5
-3 ; 24,-89.26,-84.91,-75.38,-76.1
-3 ; 27,-89.27,-84.39,-73.94,-74.95
-3 ; 30,-89.3,-83.11,-72.64,-72.51
-3 ; 33,-89.26,-82.23,-72.61,-73.08
-3 ; 36,-89.29,-81.8,-73.16,-74.18
-3 ; 39,-89.36,-81.89,-75.53,-75.08
-3 ; 42,-89.24,-82.3,-77.6,-77.12
-3 ; 45,-89.28,-82.23,-82.74,-80.36
0 ; -45,-89.7,-86.36,-86.79,-85.77
0 ; -42,-89.7,-86.62,-89.35,-87.43
0 ; -39,-89.7,-86.32,-85.37,-82.82
0 ; -36,-89.69,-87.42,-86.84,-88.0
0 ; -33,-89.63,-87.47,-89.26,-86.84
0 ; -30,-89.59,-87.32,-86.6,-88.11
0 ; -27,-89.6,-88.49,-89.68,-87.27
0 ; -24,-89.83,-89.28,-88.13,-88.75
0 ; -21,-89.86,-89.0,-87.05,-86.62
0 ; -18,-89.85,-88.87,-86.94,-84.19
0 ; -15,-89.84,-88.5,-87.44,-87.88
0 ; -12,-89.89,-88.46,-89.38,-88.96
0 ; -9,-89.85,-87.97,-88.1,-89.51
0 ; -6,-89.78,-86.22,-83.87,-84.74
0 ; -3,-89.9,-87.22,-85.47,-88.89
0 ; 0,-89.84,-88.25,-87.72,-88.26
0 ; 3,-89.84,-88.41,-88.07,-87.34
0 ; 6,-89.79,-89.44,-85.37,-84.2
0 ; 9,-89.23,-89.51,-81.2,-82.93
0 ; 12,-89.25,-89.87,-79.68,-85.75
0 ; 15,-89.23,-89.69,-79.12,-85.77
0 ; 18,-89.36,-88.6,-79.03999999999999,-86.18
0 ; 21,-89.3,-87.17,-77.28,-80.95
0 ; 24,-89.26,-86.18,-74.73,-77.77
0 ; 27,-89.32,-84.94,-72.64,-76.34
0 ; 30,-89.26,-83.81,-71.51,-75.2
0 ; 33,-89.25,-83.07,-71.52,-74.8
0 ; 36,-89.27,-82.13,-72.46000000000001,-75.2
0 ; 39,-89.26,-81.99,-74.03,-78.35
0 ; 42,-89.3,-82.7,-76.74,-79.73
0 ; 45,-89.25,-82.65,-80.59,-83.72
3 ; -45,-89.7,-86.72,-84.62,-87.36
3 ; -42,-89.7,-86.7,-88.22,-86.84
3 ; -39,-89.7,-87.48,-86.77,-87.72
3 ; -36,-89.7,-88.39,-85.17,-82.83
3 ; -33,-89.7,-88.31,-86.39,-84.67
3 ; -30,-89.7,-88.12,-86.31,-85.08
3 ; -27,-89.7,-88.73,-88.82,-84.26
3 ; -24,-89.7,-89.6,-88.12,-87.23
3 ; -21,-89.7,-89.27,-85.81,-87.51
3 ; -18,-89.7,-88.81,-85.03,-83.99
3 ; -15,-89.7,-88.51,-88.91,-84.39
3 ; -12,-89.7,-88.09,-89.69,-86.33
3 ; -9,-89.7,-87.53,-86.86,-84.75
3 ; -6,-89.7,-86.2,-83.5,-89.8
3 ; -3,-89.7,-86.52,-84.17,-89.08
3 ; 0,-89.7,-87.88,-87.39,-89.42
3 ; 3,-89.7,-89.36,-88.03,-89.36
3 ; 6,-89.7,-89.77,-85.2,-87.05
3 ; 9,-89.7,-89.77,-81.98,-88.47
3 ; 12,-89.7,-89.66,-79.88,-87.71
3 ; 15,-89.7,-89.14,-78.91,-89.64
3 ; 18,-89.7,-88.11,-78.67,-88.78
3 ; 21,-89.7,-86.64,-77.1,-84.61
3 ; 24,-89.7,-85.6,-74.57,-83.96
3 ; 27,-89.7,-84.87,-72.89,-82.45
3 ; 30,-89.7,-83.5,-71.52,-78.21000000000001
3 ; 33,-89.7,-82.8,-71.44,-79.76
3 ; 36,-89.7,-82.78,-72.53999999999999,-81.9
3 ; 39,-89.7,-82.4,-74.17,-81.58
3 ; 42,-89.7,-82.8,-76.25,-82.92
3 ; 45,-89.7,-83.11,-80.35,-81.67
6 ; -45,-89.7,-87.2,-83.98,-87.51
6 ; -42,-89.7,-87.04,-86.24,-88.17
6 ; -39,-89.7,-88.12,-88.56,-87.15
6 ; -36,-89.7,-89.04,-86.77,-84.82
6 ; -33,-89.7,-89.19,-87.26,-84.13
6 ; -30,-89.7,-89.19,-83.94,-83.52
6 ; -27,-89.7,-89.35,-85.34,-85.55
6 ; -24,-89.7,-89.72,-88.66,-86.23
6 ; -21,-89.7,-89.64,-85.51,-85.29
6 ; -18,-89.7,-89.19,-84.57,-85.37
6 ; -15,-89.7,-88.84,-87.87,-84.94
6 ; -12,-89.7,-89.21,-88.6,-86.84
6 ; -9,-89.7,-87.63,-87.36,-87.78
6 ; -6,-89.7,-87.31,-84.21,-88.88
6 ; -3,-89.7,-87.23,-83.99,-89.79
6 ; 0,-89.7,-87.85,-86.79,-89.66
6 ; 3,-89.7,-89.66,-88.08,-89.15
6 ; 6,-89.7,-89.69,-86.18,-89.43
6 ; 9,-89.7,-89.69,-82.27,-87.85
6 ; 12,-89.7,-89.37,-81.77,-89.47
6 ; 15,-89.7,-89.11,-80.43,-89.48
6 ; 18,-89.7,-87.83,-80.03,-89.47
6 ; 21,-89.7,-86.84,-79.5,-88.96
6 ; 24,-89.7,-86.32,-76.1,-86.73
6 ; 27,-89.7,-85.43,-74.95,-83.05
6 ; 30,-89.7,-83.95,-72.51,-85.06
6 ; 33,-89.7,-83.76,-73.08,-82.99
6 ; 36,-89.7,-83.06,-74.18,-83.98
6 ; 39,-89.7,-83.3,-75.08,-83.78
6 ; 42,-89.7,-83.5,-77.12,-88.44
6 ; 45,-89.7,-85.11,-80.36,-87.7
9 ; -45,-89.7,-88.0,-85.77,-87.74
9 ; -42,-89.7,-88.01,-87.43,-87.07
9 ; -39,-89.7,-87.38,-82.82,-85.64
9 ; -36,-89.7,-89.73,-88.0,-85.56
9 ; -33,-89.7,-89.76,-86.84,-84.15
9 ; -30,-89.7,-89.4,-88.11,-86.73
9 ; -27,-89.7,-89.46,-87.27,-84.2
9 ; -24,-89.7,-89.7,-88.75,-86.85
9 ; -21,-89.7,-89.59,-86.62,-86.28
9 ; -18,-89.7,-89.0,-84.19,-87.31
9 ; -15,-89.7,-88.93,-87.88,-86.81
9 ; -12,-89.7,-89.54,-88.96,-87.7
9 ; -9,-89.7,-89.52,-89.51,-88.65
9 ; -6,-89.7,-87.39,-84.74,-88.33
9 ; -3,-89.7,-88.71,-88.89,-89.17
9 ; 0,-89.7,-88.43,-88.26,-89.57
9 ; 3,-89.7,-88.34,-87.34,-88.95
9 ; 6,-89.7,-88.83,-84.2,-89.33
9 ; 9,-89.7,-89.39,-82.93,-87.89
9 ; 12,-89.7,-89.38,-85.75,-86.3
9 ; 15,-89.7,-88.58,-85.77,-88.62
9 ; 18,-89.7,-88.5,-86.18,-89.0
9 ; 21,-89.7,-86.37,-80.95,-87.5
9 ; 24,-89.7,-86.3,-77.77,-86.78
9 ; 27,-89.7,-86.25,-76.34,-83.49
9 ; 30,-89.7,-85.34,-75.2,-84.37
9 ; 33,-89.7,-84.14,-74.8,-81.89
9 ; 36,-89.7,-84.11,-75.2,-83.14
9 ; 39,-89.7,-84.55,-78.35,-83.88
9 ; 42,-89.7,-84.31,-79.73,-83.73
9 ; 45,-89.7,-84.41,-83.72,-87.44
12 ; -45,-89.7,-87.98,-87.36,-88.66
12 ; -42,-89.7,-88.42,-86.84,-86.99
12 ; -39,-89.7,-88.07,-87.72,-83.67
12 ; -36,-89.7,-89.43,-82.83,-83.99
12 ; -33,-89.7,-89.66,-84.67,-85.89
12 ; -30,-89.7,-89.74,-85.08,-85.39
12 ; -27,-89.7,-89.76,-84.26,-85.84
12 ; -24,-89.7,-89.57,-87.23,-87.93
12 ; -21,-89.7,-89.61,-87.51,-89.36
12 ; -18,-89.7,-89.41,-83.99,-88.86
12 ; -15,-89.7,-89.21,-84.39,-88.52
12 ; -12,-89.7,-89.37,-86.33,-88.15
12 ; -9,-89.7,-89.77,-84.75,-88.79
12 ; -6,-89.7,-87.84,-89.8,-88.92
12 ; -3,-89.7,-87.75,-89.08,-89.29
12 ; 0,-89.7,-88.75,-89.42,-88.89
12 ; 3,-89.7,-89.54,-89.36,-89.37
12 ; 6,-89.7,-89.48,-87.05,-87.66
12 ; 9,-89.7,-89.26,-88.47,-87.73
12 ; 12,-89.7,-88.75,-87.71,-87.43
12 ; 15,-89.7,-89.52,-89.64,-86.15
12 ; 18,-89.7,-88.62,-88.78,-88.79
12 ; 21,-89.7,-88.25,-84.61,-86.05
12 ; 24,-89.7,-87.1,-83.96,-84.67
12 ; 27,-89.7,-86.94,-82.45,-83.5
12 ; 30,-89.7,-86.45,-78.21000000000001,-83.54
12 ; 33,-89.7,-87.18,-79.76,-81.4
12 ; 36,-89.7,-84.5,-81.9,-80.7
12 ; 39,-89.7,-84.97,-81.58,-83.83
12 ; 42,-89.7,-85.44,-82.92,-84.35
12 ; 45,-89.7,-85.05,-81.67,-86.62
15 ; -45,-89.7,-89.14,-87.51,-88.8
15 ; -42,-89.7,-88.93,-88.17,-86.94
15 ; -39,-89.7,-88.86,-87.15,-84.73
15 ; -36,-89.7,-89.04,-84.82,-85.97
15 ; -33,-89.7,-89.77,-84.13,-85.49
15 ; -30,-89.7,-89.46,-83.52,-85.82
15 ; -27,-89.7,-89.61,-85.55,-87.02
15 ; -24,-89.7,-89.64,-86.23,-86.95
15 ; -21,-89.7,-89.72,-85.29,-88.78
15 ; -18,-89.7,-89.63,-85.37,-88.38
15 ; -15,-89.7,-89.05,-84.94,-87.84
15 ; -12,-89.7,-89.28,-86.84,-88.61
15 ; -9,-89.7,-89.58,-87.78,-87.71
15 ; -6,-89.7,-89.4,-88.88,-87.97
15 ; -3,-89.7,-88.63,-89.79,-88.43
15 ; 0,-89.7,-88.83,-89.66,-88.62
15 ; 3,-89.7,-89.59,-89.15,-89.1
15 ; 6,-89.7,-89.77,-89.43,-89.16
15 ; 9,-89.7,-89.1,-87.85,-89.09
15 ; 12,-89.7,-89.51,-89.47,-87.84
15 ; 15,-89.7,-88.66,-89.48,-86.89
15 ; 18,-89.7,-88.69,-89.47,-85.8
15 ; 21,-89.7,-89.38,-88.96,-88.85
15 ; 24,-89.7,-88.48,-86.73,-85.49
15 ; 27,-89.7,-88.31,-83.05,-84.85
15 ; 30,-89.7,-87.07,-85.06,-83.45
15 ; 33,-89.7,-87.71,-82.99,-83.46
15 ; 36,-89.7,-87.59,-83.98,-81.63
15 ; 39,-89.7,-86.31,-83.78,-84.6
15 ; 42,-89.7,-86.13,-88.44,-84.69
15 ; 45,-89.7,-86.18,-87.7,-84.49
18 ; -45,-89.7,-89.8,-87.74,-89.38
18 ; -42,-89.7,-89.8,-87.07,-89.68
18 ; -39,-89.7,-89.8,-85.64,-85.84
18 ; -36,-89.7,-89.8,-85.56,-88.64
18 ; -33,-89.7,-89.8,-84.15,-87.79
18 ; -30,-89.7,-89.8,-86.73,-87.18
18 ; -27,-89.7,-89.8,-84.2,-88.55
18 ; -24,-89.7,-89.8,-86.85,-88.79
18 ; -21,-89.7,-89.8,-86.28,-89.24
18 ; -18,-89.7,-89.81,-87.31,-89.44
18 ; -15,-89.7,-89.5,-86.81,-89.27
18 ; -12,-89.7,-89.68,-87.7,-89.13
18 ; -9,-89.7,-89.42,-88.65,-89.09
18 ; -6,-89.7,-89.64,-88.33,-88.76
18 ; -3,-89.7,-89.36,-89.17,-89.29
18 ; 0,-89.7,-89.12,-89.57,-89.33
18 ; 3,-89.7,-89.71,-88.95,-89.17
18 ; 6,-89.7,-89.76,-89.33,-89.69
18 ; 9,-89.7,-89.53,-87.89,-88.91
18 ; 12,-89.7,-89.03,-86.3,-89.72
18 ; 15,-89.7,-89.38,-88.62,-88.37
18 ; 18,-89.7,-88.72,-89.0,-89.02
18 ; 21,-89.7,-89.05,-87.5,-89.23
18 ; 24,-89.7,-89.25,-86.78,-88.41
18 ; 27,-89.7,-89.17,-83.49,-88.34
18 ; 30,-89.7,-88.57,-84.37,-85.98
18 ; 33,-89.7,-89.24,-81.89,-87.8
18 ; 36,-89.7,-88.97,-83.14,-85.47
18 ; 39,-89.7,-87.96,-83.88,-86.54
18 ; 42,-89.7,-87.69,-83.73,-87.11
18 ; 45,-89.7,-87.41,-87.44,-87.61
21 ; -45,-89.7,-89.43,-88.66,-88.98
21 ; -42,-89.7,-88.57,-86.99,-87.87
21 ; -39,-89.7,-88.78,-83.67,-88.8
21 ; -36,-89.7,-88.92,-83.99,-89.0
21 ; -33,-89.7,-89.37,-85.89,-89.54
21 ; -30,-89.7,-89.67,-85.39,-88.99
21 ; -27,-89.7,-89.51,-85.84,-89.43
21 ; -24,-89.7,-89.6,-87.93,-84.8
21 ; -21,-89.7,-89.76,-89.36,-89.52
21 ; -18,-89.7,-89.74,-88.86,-88.74
21 ; -15,-89.7,-89.66,-88.52,-89.44
21 ; -12,-89.7,-89.8,-88.15,-89.63
21 ; -9,-89.7,-89.48,-88.79,-88.95
21 ; -6,-89.7,-89.53,-88.92,-86.71
21 ; -3,-89.7,-89.21,-89.29,-89.68
21 ; 0,-89.7,-89.07,-88.89,-89.53
21 ; 3,-89.7,-89.77,-89.37,-88.77
21 ; 6,-89.7,-89.01,-87.66,-86.86
21 ; 9,-89.7,-89.24,-87.73,-88.56
21 ; 12,-89.7,-89.51,-87.43,-89.18
21 ; 15,-89.7,-88.8,-86.15,-86.84
21 ; 18,-89.7,-89.44,-88.79,-89.13
21 ; 21,-89.7,-89.8,-86.05,-89.48
21 ; 24,-89.7,-89.56,-84.67,-88.78
21 ; 27,-89.7,-89.52,-83.5,-88.73
21 ; 30,-89.7,-89.8,-83.54,-89.61
21 ; 33,-89.7,-89.8,-81.4,-87.94
21 ; 36,-89.7,-89.8,-80.7,-85.63
21 ; 39,-89.7,-89.8,-83.83,-89.07
21 ; 42,-89.7,-89.8,-84.35,-89.62
21 ; 45,-89.7,-89.8,-86.62,-88.82
24 ; -45,-89.7,-88.98,-88.8,-88.72
24 ; -42,-89.7,-89.62,-86.94,-89.24
24 ; -39,-89.7,-88.91,-84.73,-88.36
24 ; -36,-89.7,-89.69,-85.97,-89.34
24 ; -33,-89.7,-89.26,-85.49,-89.04
24 ; -30,-89.7,-89.76,-85.82,-89.06
24 ; -27,-89.7,-89.85,-87.02,-89.87
24 ; -24,-89.7,-89.61,-86.95,-89.81
24 ; -21,-89.7,-89.8,-88.78,-89.83
24 ; -18,-89.7,-89.85,-88.38,-89.18
24 ; -15,-89.7,-89.78,-87.84,-88.68
24 ; -12,-89.7,-89.8,-88.61,-89.28
24 ; -9,-89.7,-89.77,-87.71,-89.61
24 ; -6,-89.7,-89.31,-87.97,-89.28
24 ; -3,-89.7,-89.09,-88.43,-88.45
24 ; 0,-89.7,-89.26,-88.62,-89.73
24 ; 3,-89.7,-89.15,-89.1,-89.79
24 ; 6,-89.7,-89.74,-89.16,-89.2
24 ; 9,-89.7,-89.31,-89.09,-86.06
24 ; 12,-89.7,-89.48,-87.84,-88.78
24 ; 15,-89.7,-89.21,-86.89,-86.53
24 ; 18,-89.7,-88.37,-85.8,-88.9
24 ; 21,-89.7,-89.09,-88.85,-87.26
24 ; 24,-89.7,-89.29,-85.49,-87.23
24 ; 27,-89.7,-89.44,-84.85,-87.06
24 ; 30,-89.7,-89.42,-83.45,-87.26
24 ; 33,-89.7,-89.29,-83.46,-85.12
24 ; 36,-89.7,-89.23,-81.63,-87.19
24 ; 39,-89.7,-89.63,-84.6,-87.15
24 ; 42,-89.7,-89.55,-84.69,-87.61
24 ; 45,-89.7,-89.18,-84.49,-89.61
27 ; -45,-89.7,-89.62,-89.38,-88.34
27 ; -42,-89.7,-89.23,-89.68,-89.74
27 ; -39,-89.7,-88.56,-85.84,-87.92
27 ; -36,-89.7,-89.67,-88.64,-89.26
27 ; -33,-89.7,-89.66,-87.79,-89.69
27 ; -30,-89.7,-89.8,-87.18,-87.26
27 ; -27,-89.7,-89.64,-88.55,-88.71
27 ; -24,-89.7,-89.16,-88.79,-88.72
27 ; -21,-89.7,-89.52,-89.24,-88.65
27 ; -18,-89.7,-89.84,-89.44,-89.39
27 ; -15,-89.7,-89.81,-89.27,-89.75
27 ; -12,-89.7,-89.81,-89.13,-88.92
27 ; -9,-89.7,-89.87,-89.09,-89.48
27 ; -6,-89.7,-89.52,-88.76,-89.0
27 ; -3,-89.7,-89.64,-89.29,-89.52
27 ; 0,-89.7,-89.32,-89.33,-89.67
27 ; 3,-89.7,-89.85,-89.17,-89.41
27 ; 6,-89.7,-89.51,-89.69,-89.45
27 ; 9,-89.7,-89.23,-88.91,-86.7
27 ; 12,-89.7,-89.37,-89.72,-87.56
27 ; 15,-89.7,-89.38,-88.37,-88.44
27 ; 18,-89.7,-89.15,-89.02,-89.32
27 ; 21,-89.7,-88.51,-89.23,-89.41
27 ; 24,-89.7,-89.2,-88.41,-88.19
27 ; 27,-89.7,-89.32,-88.34,-86.0
27 ; 30,-89.7,-89.46,-85.98,-84.7
27 ; 33,-89.7,-89.29,-87.8,-84.23
27 ; 36,-89.7,-89.25,-85.47,-83.8
27 ; 39,-89.7,-88.76,-86.54,-88.16
27 ; 42,-89.7,-89.03,-87.11,-87.44
27 ; 45,-89.7,-89.2,-87.61,-88.05
30 ; -45,-89.7,-89.58,-88.98,-88.28
30 ; -42,-89.7,-88.58,-87.87,-88.98
30 ; -39,-89.7,-88.63,-88.8,-88.76
30 ; -36,-89.7,-89.46,-89.0,-88.42
30 ; -33,-89.7,-89.34,-89.54,-89.28
30 ; -30,-89.7,-89.56,-88.99,-88.92
30 ; -27,-89.7,-89.7,-89.43,-89.13
30 ; -24,-89.7,-89.12,-84.8,-89.82
30 ; -21,-89.7,-89.57,-89.52,-88.73
30 ; -18,-89.7,-89.68,-88.74,-89.1
30 ; -15,-89.7,-89.69,-89.44,-89.72
30 ; -12,-89.7,-89.71,-89.63,-88.5
30 ; -9,-89.7,-89.69,-88.95,-89.56
30 ; -6,-89.7,-88.87,-86.71,-89.31
30 ; -3,-89.7,-89.31,-89.68,-89.74
30 ; 0,-89.7,-88.96,-89.53,-89.69
30 ; 3,-89.7,-89.71,-88.77,-88.72
30 ; 6,-89.7,-88.84,-86.86,-88.32
30 ; 9,-89.7,-88.02,-88.56,-88.09
30 ; 12,-89.7,-88.23,-89.18,-88.26
30 ; 15,-89.7,-88.42,-86.84,-86.79
30 ; 18,-89.7,-89.53,-89.13,-86.59
30 ; 21,-89.7,-88.25,-89.48,-87.78
30 ; 24,-89.7,-87.77,-88.78,-88.66
30 ; 27,-89.7,-88.54,-88.73,-86.46
30 ; 30,-89.7,-88.63,-89.61,-85.81
30 ; 33,-89.7,-87.45,-87.94,-82.9
30 ; 36,-89.7,-88.23,-85.63,-83.73
30 ; 39,-89.7,-88.78,-89.07,-84.63
30 ; 42,-89.7,-88.3,-89.62,-87.76
30 ; 45,-89.7,-88.41,-88.82,-87.96
33 ; -45,-89.7,-89.35,-88.72,-87.81
33 ; -42,-89.7,-89.01,-89.24,-86.9
33 ; -39,-89.7,-88.91,-88.36,-85.64
33 ; -36,-89.7,-89.59,-89.34,-89.69
33 ; -33,-89.7,-89.43,-89.04,-88.47
33 ; -30,-89.7,-89.51,-89.06,-89.04
33 ; -27,-89.7,-89.86,-89.87,-89.71
33 ; -24,-89.7,-89.69,-89.81,-89.74
33 ; -21,-89.7,-88.94,-89.83,-89.81
33 ; -18,-89.7,-89.66,-89.18,-89.55
33 ; -15,-89.7,-89.67,-88.68,-88.69
33 ; -12,-89.7,-89.73,-89.28,-89.59
33 ; -9,-89.7,-89.83,-89.61,-88.29
33 ; -6,-89.7,-89.42,-89.28,-88.3
33 ; -3,-89.7,-89.05,-88.45,-88.02
33 ; 0,-89.7,-88.99,-89.73,-89.66
33 ; 3,-89.7,-89.55,-89.79,-89.44
33 ; 6,-89.7,-89.74,-89.2,-89.24
33 ; 9,-89.7,-88.45,-86.06,-86.75
33 ; 12,-89.7,-89.1,-88.78,-88.44
33 ; 15,-89.7,-88.02,-86.53,-87.69
33 ; 18,-89.7,-88.52,-88.9,-87.36
33 ; 21,-89.7,-88.63,-87.26,-89.08
33 ; 24,-89.7,-88.24,-87.23,-86.25
33 ; 27,-89.7,-88.12,-87.06,-87.86
33 ; 30,-89.7,-88.58,-87.26,-86.3
33 ; 33,-89.7,-87.33,-85.12,-85.9
33 ; 36,-89.7,-87.28,-87.19,-85.23
33 ; 39,-89.7,-87.69,-87.15,-86.31
33 ; 42,-89.7,-87.19,-87.61,-87.46
33 ; 45,-89.7,-87.79,-89.61,-86.14
36 ; -45,-89.7,-88.65,-88.34,-88.81
36 ; -42,-89.7,-89.64,-89.74,-89.47
36 ; -39,-89.7,-88.98,-87.92,-88.89
36 ; -36,-89.7,-89.73,-89.26,-89.35
36 ; -33,-89.7,-89.77,-89.69,-88.95
36 ; -30,-89.7,-89.14,-87.26,-86.66
36 ; -27,-89.7,-89.76,-88.71,-88.38
36 ; -24,-89.7,-89.53,-88.72,-89.18
36 ; -21,-89.7,-89.66,-88.65,-89.61
36 ; -18,-89.7,-89.76,-89.39,-88.87
36 ; -15,-89.7,-89.5,-89.75,-89.59
36 ; -12,-89.7,-89.82,-88.92,-89.6
36 ; -9,-89.7,-89.75,-89.48,-89.6
36 ; -6,-89.7,-89.59,-89.0,-88.66
36 ; -3,-89.7,-89.61,-89.52,-89.8
36 ; 0,-89.7,-89.56,-89.67,-89.8
36 ; 3,-89.7,-89.6,-89.41,-89.68
36 ; 6,-89.7,-89.6,-89.45,-89.59
36 ; 9,-89.7,-89.42,-86.7,-86.76
36 ; 12,-89.7,-89.44,-87.56,-88.4
36 ; 15,-89.7,-88.76,-88.44,-89.32
36 ; 18,-89.7,-89.46,-89.32,-89.22
36 ; 21,-89.7,-88.77,-89.41,-89.51
36 ; 24,-89.7,-88.5,-88.19,-89.57
36 ; 27,-89.7,-88.46,-86.0,-89.61
36 ; 30,-89.7,-88.2,-84.7,-87.43
36 ; 33,-89.7,-87.69,-84.23,-89.23
36 ; 36,-89.7,-87.38,-83.8,-87.56
36 ; 39,-89.7,-87.27,-88.16,-88.21
36 ; 42,-89.7,-87.69,-87.44,-89.25
36 ; 45,-89.7,-87.23,-88.05,-88.07
39 ; -45,-89.7,-87.72,-88.28,-88.98
39 ; -42,-89.7,-88.91,-88.98,-89.4
39 ; -39,-89.7,-88.83,-88.76,-89.53
39 ; -36,-89.7,-89.59,-88.42,-89.85
39 ; -33,-89.7,-89.19,-89.28,-89.1
39 ; -30,-89.7,-89.09,-88.92,-88.38
39 ; -27,-89.7,-88.72,-89.13,-89.14
39 ; -24,-89.7,-89.78,-89.82,-89.31
39 ; -21,-89.7,-89.85,-88.73,-89.5
39 ; -18,-89.7,-89.25,-89.1,-89.49
39 ; -15,-89.7,-89.67,-89.72,-89.27
39 ; -12,-89.7,-89.44,-88.5,-89.68
39 ; -9,-89.7,-89.82,-89.56,-89.54
39 ; -6,-89.7,-89.01,-89.31,-88.85
39 ; -3,-89.7,-89.2,-89.74,-89.03
39 ; 0,-89.7,-89.43,-89.69,-89.76
39 ; 3,-89.7,-89.27,-88.72,-89.52
39 ; 6,-89.7,-89.53,-88.32,-89.39
39 ; 9,-89.7,-88.43,-88.09,-87.04
39 ; 12,-89.7,-88.74,-88.26,-88.53
39 ; 15,-89.7,-88.72,-86.79,-89.74
39 ; 18,-89.7,-88.22,-86.59,-89.32
39 ; 21,-89.7,-88.0,-87.78,-89.32
39 ; 24,-89.7,-88.34,-88.66,-88.64
39 ; 27,-89.7,-88.08,-86.46,-88.55
39 ; 30,-89.7,-88.12,-85.81,-89.22
39 ; 33,-89.7,-85.85,-82.9,-88.38
39 ; 36,-89.7,-87.05,-83.73,-88.82
39 ; 39,-89.7,-86.7,-84.63,-89.8
39 ; 42,-89.7,-87.28,-87.76,-89.68
39 ; 45,-89.7,-86.51,-87.96,-89.09
42 ; -45,-89.7,-88.51,-87.81,-88.82
42 ; -42,-89.7,-87.75,-86.9,-89.39
42 ; -39,-89.7,-89.09,-85.64,-89.62
42 ; -36,-89.7,-89.51,-89.69,-89.56
42 ; -33,-89.7,-89.57,-88.47,-87.67
42 ; -30,-89.7,-89.41,-89.04,-86.81
42 ; -27,-89.7,-89.61,-89.71,-89.58
42 ; -24,-89.7,-89.9,-89.74,-86.5
42 ; -21,-89.7,-89.82,-89.81,-89.35
42 ; -18,-89.7,-89.71,-89.55,-89.44
42 ; -15,-89.7,-89.37,-88.69,-89.62
42 ; -12,-89.7,-89.68,-89.59,-89.48
42 ; -9,-89.7,-89.54,-88.29,-88.63
42 ; -6,-89.7,-89.35,-88.3,-87.78
42 ; -3,-89.7,-89.33,-88.02,-89.7
42 ; 0,-89.7,-89.38,-89.66,-89.85
42 ; 3,-89.7,-89.59,-89.44,-89.6
42 ; 6,-89.7,-89.37,-89.24,-89.67
42 ; 9,-89.7,-88.47,-86.75,-89.26
42 ; 12,-89.7,-88.74,-88.44,-87.3
42 ; 15,-89.7,-89.18,-87.69,-88.99
42 ; 18,-89.7,-89.19,-87.36,-89.74
42 ; 21,-89.7,-88.05,-89.08,-87.96
42 ; 24,-89.7,-87.8,-86.25,-87.76
42 ; 27,-89.7,-88.43,-87.86,-89.16
42 ; 30,-89.7,-87.78,-86.3,-84.97
42 ; 33,-89.7,-86.94,-85.9,-85.51
42 ; 36,-89.7,-86.92,-85.23,-88.19
42 ; 39,-89.7,-86.91,-86.31,-89.14
42 ; 42,-89.7,-86.68,-87.46,-89.47
42 ; 45,-89.7,-86.69,-86.14,-89.62
45 ; -45,-89.7,-88.79,-88.81,-87.71
45 ; -42,-89.7,-88.37,-89.47,-89.55
45 ; -39,-89.7,-89.22,-88.89,-88.47
45 ; -36,-89.7,-89.5,-89.35,-89.22
45 ; -33,-89.7,-89.5,-88.95,-89.3
45 ; -30,-89.7,-89.32,-86.66,-88.39
45 ; -27,-89.7,-89.12,-88.38,-87.57
45 ; -24,-89.7,-89.83,-89.18,-88.42
45 ; -21,-89.7,-89.81,-89.61,-89.72
45 ; -18,-89.7,-89.74,-88.87,-89.03
45 ; -15,-89.7,-89.71,-89.59,-89.64
45 ; -12,-89.7,-89.84,-89.6,-88.14
45 ; -9,-89.7,-89.69,-89.6,-86.32
45 ; -6,-89.7,-88.74,-88.66,-87.44
45 ; -3,-89.7,-88.56,-89.8,-87.53
45 ; 0,-89.7,-89.38,-89.8,-89.82
45 ; 3,-89.7,-89.76,-89.68,-89.26
45 ; 6,-89.7,-89.46,-89.59,-89.12
45 ; 9,-89.7,-88.5,-86.76,-87.32
45 ; 12,-89.7,-88.49,-88.4,-89.4
45 ; 15,-89.7,-89.2,-89.32,-85.99
45 ; 18,-89.7,-89.12,-89.22,-89.7
45 ; 21,-89.7,-88.44,-89.51,-88.17
45 ; 24,-89.7,-88.29,-89.57,-86.56
45 ; 27,-89.7,-88.42,-89.61,-84.99
45 ; 30,-89.7,-88.4,-87.43,-89.11
45 ; 33,-89.7,-86.92,-89.23,-83.71
45 ; 36,-89.7,-87.0,-87.56,-82.63
45 ; 39,-89.7,-86.83,-88.21,-86.45
45 ; 42,-89.7,-86.76,-89.25,-88.24
45 ; 45,-89.7,-86.74,-88.07,-89.83
48 ; -45,-89.7,-89.42,-88.98,-89.21
48 ; -42,-89.7,-89.59,-89.4,-87.73
48 ; -39,-89.7,-88.7,-89.53,-89.1
48 ; -36,-89.7,-89.76,-89.85,-88.77
48 ; -33,-89.7,-89.72,-89.1,-89.35
48 ; -30,-89.7,-89.66,-88.38,-89.62
48 ; -27,-89.7,-89.75,-89.14,-89.31
48 ; -24,-89.7,-89.63,-89.31,-89.73
48 ; -21,-89.7,-89.65,-89.5,-89.75
48 ; -18,-89.7,-89.64,-89.49,-89.06
48 ; -15,-89.7,-89.75,-89.27,-89.67
48 ; -12,-89.7,-89.56,-89.68,-87.84
48 ; -9,-89.7,-89.87,-89.54,-87.99
48 ; -6,-89.7,-89.59,-88.85,-89.58
48 ; -3,-89.7,-89.62,-89.03,-89.62
48 ; 0,-89.7,-89.58,-89.76,-89.81
48 ; 3,-89.7,-89.76,-89.52,-89.2
48 ; 6,-89.7,-89.68,-89.39,-89.22
48 ; 9,-89.7,-89.25,-87.04,-86.99
48 ; 12,-89.7,-89.32,-88.53,-86.52
48 ; 15,-89.7,-89.78,-89.74,-86.2
48 ; 18,-89.7,-89.81,-89.32,-87.09
48 ; 21,-89.7,-89.26,-89.32,-88.38
48 ; 24,-89.7,-89.12,-88.64,-87.57
48 ; 27,-89.7,-88.88,-88.55,-85.45
48 ; 30,-89.7,-89.0,-89.22,-85.3
48 ; 33,-89.7,-88.15,-88.38,-84.35
48 ; 36,-89.7,-88.07,-88.82,-84.62
48 ; 39,-89.7,-87.98,-89.8,-87.32
48 ; 42,-89.7,-88.16,-89.68,-88.29
48 ; 45,-89.7,-88.44,-89.09,-89.7
51 ; -45,-89.16,-89.59,-88.82,-88.69
51 ; -42,-89.2,-89.31,-89.39,-89.85
51 ; -39,-89.15,-89.48,-89.62,-88.63
51 ; -36,-89.16,-89.44,-89.56,-89.54
51 ; -33,-89.17,-89.52,-87.67,-89.6
51 ; -30,-89.18,-89.71,-86.81,-86.13
51 ; -27,-89.19,-89.51,-89.58,-89.51
51 ; -24,-89.48,-89.71,-86.5,-89.06
51 ; -21,-89.43,-89.78,-89.35,-87.78
51 ; -18,-89.41,-89.66,-89.44,-89.53
51 ; -15,-89.42,-89.35,-89.62,-89.76
51 ; -12,-89.48,-89.73,-89.48,-89.85
51 ; -9,-89.43,-89.75,-88.63,-89.25
51 ; -6,-89.72,-89.17,-87.78,-89.39
51 ; -3,-89.66,-89.55,-89.7,-89.4
51 ; 0,-89.68,-89.49,-89.85,-89.83
51 ; 3,-89.69,-89.82,-89.6,-89.67
51 ; 6,-89.72,-89.76,-89.67,-87.4
51 ; 9,-89.51,-89.52,-89.26,-88.51
51 ; 12,-89.46,-89.02,-87.3,-87.65
51 ; 15,-89.47,-88.9,-88.99,-89.44
51 ; 18,-89.44,-89.42,-89.74,-87.1
51 ; 21,-89.43,-89.15,-87.96,-89.65
51 ; 24,-89.41,-89.16,-87.76,-88.04
51 ; 27,-89.39,-89.05,-89.16,-87.17
51 ; 30,-89.7,-89.45,-84.97,-85.82
51 ; 33,-89.7,-88.32,-85.51,-85.62
51 ; 36,-89.7,-87.66,-88.19,-84.64
51 ; 39,-89.7,-88.38,-89.14,-87.31
51 ; 42,-89.7,-87.92,-89.47,-88.27
51 ; 45,-89.7,-87.89,-89.62,-88.85
54 ; -45,-89.24,-89.69,-87.71,-87.98
54 ; -42,-89.25,-89.58,-89.55,-88.57
54 ; -39,-89.18,-89.18,-88.47,-88.12
54 ; -36,-89.23,-89.55,-89.22,-89.11
54 ; -33,-89.24,-89.43,-89.3,-89.57
54 ; -30,-89.17,-89.42,-88.39,-89.21
54 ; -27,-89.17,-89.04,-87.57,-89.37
54 ; -24,-89.4,-89.32,-88.42,-89.47
54 ; -21,-89.44,-89.81,-89.72,-88.71
54 ; -18,-89.42,-89.7,-89.03,-89.49
54 ; -15,-89.45,-89.55,-89.64,-88.68
54 ; -12,-89.46,-89.44,-88.14,-89.31
54 ; -9,-89.44,-89.36,-86.32,-88.63
54 ; -6,-89.74,-89.5,-87.44,-87.09
54 ; -3,-89.75,-89.34,-87.53,-88.9
54 ; 0,-89.79,-89.43,-89.82,-89.85
54 ; 3,-89.74,-89.75,-89.26,-89.76
54 ; 6,-89.73,-89.51,-89.12,-89.79
54 ; 9,-89.49,-89.38,-87.32,-88.3
54 ; 12,-89.52,-89.05,-89.4,-88.51
54 ; 15,-89.45,-88.77,-85.99,-86.21
54 ; 18,-89.47,-89.72,-89.7,-88.81
54 ; 21,-89.47,-88.69,-88.17,-88.66
54 ; 24,-89.51,-88.99,-86.56,-88.65
54 ; 27,-89.33,-89.34,-84.99,-87.89
54 ; 30,-89.24,-89.34,-89.11,-88.66
54 ; 33,-89.29,-88.83,-83.71,-85.88
54 ; 36,-89.32,-87.72,-82.63,-86.85
54 ; 39,-89.28,-88.28,-86.45,-88.35
54 ; 42,-89.35,-87.99,-88.24,-86.54
54 ; 45,-89.3,-87.97,-89.83,-89.52
57 ; -45,-89.18,-88.98,-89.21,-87.72
57 ; -42,-89.2,-89.36,-87.73,-89.25
57 ; -39,-89.19,-89.34,-89.1,-89.12
57 ; -36,-89.22,-89.34,-88.77,-88.85
57 ; -33,-89.5,-89.58,-89.35,-88.4
57 ; -30,-89.7,-89.52,-89.62,-89.65
57 ; -27,-89.7,-88.69,-89.31,-88.95
57 ; -24,-89.7,-89.59,-89.73,-89.23
57 ; -21,-89.7,-89.85,-89.75,-89.54
57 ; -18,-89.7,-89.86,-89.06,-89.31
57 ; -15,-89.7,-89.77,-89.67,-89.29
57 ; -12,-89.7,-89.79,-87.84,-88.66
57 ; -9,-89.7,-89.05,-87.99,-89.25
57 ; -6,-89.7,-89.65,-89.58,-89.12
57 ; -3,-89.72,-89.62,-89.62,-89.9
57 ; 0,-89.68,-89.81,-89.81,-89.9
57 ; 3,-89.72,-89.78,-89.2,-89.71
57 ; 6,-89.71,-89.48,-89.22,-89.64
57 ; 9,-89.48,-89.1,-86.99,-89.57
57 ; 12,-89.43,-89.3,-86.52,-88.33
57 ; 15,-89.5,-88.99,-86.2,-88.05
57 ; 18,-89.45,-89.24,-87.09,-89.47
57 ; 21,-89.48,-89.17,-88.38,-89.5
57 ; 24,-89.46,-89.16,-87.57,-89.34
57 ; 27,-89.33,-89.48,-85.45,-89.54
57 ; 30,-89.29,-89.55,-85.3,-87.93
57 ; 33,-89.33,-88.87,-84.35,-88.21
57 ; 36,-89.28,-88.86,-84.62,-87.05
57 ; 39,-89.28,-88.57,-87.32,-87.96
57 ; 42,-89.3,-88.66,-88.29,-88.62
57 ; 45,-89.28,-88.31,-89.7,-89.25
60 ; -45,-89.22,-89.06,-88.69,-86.14
60 ; -42,-89.2,-89.46,-89.85,-88.53
60 ; -39,-89.18,-88.95,-88.63,-89.02
60 ; -36,-89.22,-89.37,-89.54,-87.99
60 ; -33,-89.2,-89.33,-89.6,-89.46
60 ; -30,-89.23,-88.97,-86.13,-87.33
60 ; -27,-89.2,-89.4,-89.51,-89.29
60 ; -24,-89.42,-89.45,-89.06,-89.48
60 ; -21,-89.47,-89.0,-87.78,-89.88
60 ; -18,-89.48,-89.56,-89.53,-89.48
60 ; -15,-89.45,-89.7,-89.76,-89.04
60 ; -12,-89.37,-89.66,-89.85,-88.77
60 ; -9,-89.38,-89.74,-89.25,-89.72
60 ; -6,-89.64,-89.64,-89.39,-89.68
60 ; -3,-89.7,-89.78,-89.4,-89.8
60 ; 0,-89.71,-89.75,-89.83,-89.78
60 ; 3,-89.67,-89.83,-89.67,-89.73
60 ; 6,-89.71,-89.7,-87.4,-89.75
60 ; 9,-89.47,-89.16,-88.51,-89.22
60 ; 12,-89.47,-89.15,-87.65,-87.78
60 ; 15,-89.44,-89.5,-89.44,-86.67
60 ; 18,-89.51,-89.25,-87.1,-88.31
60 ; 21,-89.45,-89.2,-89.65,-89.38
60 ; 24,-89.49,-89.38,-88.04,-89.02
60 ; 27,-89.37,-89.43,-87.17,-89.13
60 ; 30,-89.34,-89.35,-85.82,-89.11
60 ; 33,-89.3,-89.31,-85.62,-88.62
60 ; 36,-89.28,-88.83,-84.64,-88.34
60 ; 39,-89.27,-88.71,-87.31,-89.23
60 ; 42,-89.36,-88.9,-88.27,-89.62
60 ; 45,-89.29,-89.01,-88.85,-88.85
63 ; -45,-89.19,-89.2,-87.98,-86.53
63 ; -42,-89.24,-89.14,-88.57,-86.31
63 ; -39,-89.17,-89.46,-88.12,-88.96
63 ; -36,-89.18,-89.48,-89.11,-88.86
63 ; -33,-89.26,-89.37,-89.57,-88.3
63 ; -30,-89.16,-89.67,-89.21,-88.31
63 ; -27,-89.24,-89.65,-89.37,-89.13
63 ; -24,-89.46,-89.78,-89.47,-88.82
63 ; -21,-89.44,-89.76,-88.71,-89.54
63 ; -18,-89.47,-89.54,-89.49,-89.59
63 ; -15,-89.43,-89.69,-88.68,-89.44
63 ; -12,-89.46,-89.77,-89.31,-89.75
63 ; -9,-89.46,-89.68,-88.63,-89.42
63 ; -6,-89.72,-89.63,-87.09,-89.77
63 ; -3,-89.71,-89.7,-88.9,-88.63
63 ; 0,-89.71,-89.72,-89.85,-89.66
63 ; 3,-89.72,-89.81,-89.76,-89.8
63 ; 6,-89.67,-89.45,-89.79,-89.58
63 ; 9,-89.46,-89.11,-88.3,-89.13
63 ; 12,-89.5,-88.76,-88.51,-86.39
63 ; 15,-89.47,-88.45,-86.21,-85.63
63 ; 18,-89.52,-89.38,-88.81,-87.95
63 ; 21,-89.52,-89.06,-88.66,-89.43
63 ; 24,-89.5,-88.88,-88.65,-87.23
63 ; 27,-89.35,-88.93,-87.89,-88.16
63 ; 30,-89.28,-89.59,-88.66,-86.9
63 ; 33,-89.31,-89.29,-85.88,-87.78
63 ; 36,-89.33,-89.45,-86.85,-85.43
63 ; 39,-89.31,-88.77,-88.35,-88.87
63 ; 42,-89.35,-88.78,-86.54,-89.17
63 ; 45,-89.32,-88.86,-89.52,-88.2
66 ; -45,-89.22,-88.83,-87.72,-84.48
66 ; -42,-89.18,-88.81,-89.25,-87.52
66 ; -39,-89.23,-89.09,-89.12,-88.64
66 ; -36,-89.24,-89.19,-88.85,-89.26
66 ; -33,-89.18,-89.18,-88.4,-88.74
66 ; -30,-89.21,-89.54,-89.65,-88.21
66 ; -27,-89.22,-89.43,-88.95,-88.78
66 ; -24,-89.38,-89.71,-89.23,-87.9
66 ; -21,-89.43,-89.64,-89.54,-89.26
66 ; -18,-89.44,-89.35,-89.31,-89.72
66 ; -15,-89.43,-89.34,-89.29,-89.78
66 ; -12,-89.37,-89.61,-88.66,-89.76
66 ; -9,-89.45,-89.76,-89.25,-89.7
66 ; -6,-89.73,-89.58,-89.12,-89.13
66 ; -3,-89.76,-89.73,-89.9,-89.54
66 ; 0,-89.79,-89.8,-89.9,-89.79
66 ; 3,-89.68,-89.86,-89.71,-89.46
66 ; 6,-89.67,-89.65,-89.64,-88.53
66 ; 9,-89.47,-88.89,-89.57,-89.78
66 ; 12,-89.48,-88.83,-88.33,-88.27
66 ; 15,-89.46,-88.11,-88.05,-84.88
66 ; 18,-89.41,-88.15,-89.47,-87.2
66 ; 21,-89.44,-88.61,-89.5,-89.67
66 ; 24,-89.46,-88.65,-89.34,-86.84
66 ; 27,-89.33,-88.66,-89.54,-87.11
66 ; 30,-89.3,-89.39,-87.93,-87.9
66 ; 33,-89.27,-88.92,-88.21,-85.87
66 ; 36,-89.3,-88.87,-87.05,-88.07
66 ; 39,-89.33,-88.19,-87.96,-88.29
66 ; 42,-89.34,-88.58,-88.62,-87.97
66 ; 45,-89.3,-88.74,-89.25,-88.37
69 ; -45,-89.2,-88.58,-86.14,-85.51
69 ; -42,-89.18,-88.8,-88.53,-87.22
69 ; -39,-89.16,-88.62,-89.02,-89.82
69 ; -36,-89.22,-89.8,-87.99,-89.08
69 ; -33,-89.21,-89.8,-89.46,-88.83
69 ; -30,-89.15,-89.8,-87.33,-86.63
69 ; -27,-89.18,-89.8,-89.29,-89.56
69 ; -24,-89.43,-89.8,-89.48,-88.99
69 ; -21,-89.46,-89.8,-89.88,-89.21
69 ; -18,-89.49,-89.8,-89.48,-89.53
69 ; -15,-89.46,-89.8,-89.04,-89.84
69 ; -12,-89.46,-89.8,-88.77,-88.69
69 ; -9,-89.45,-89.8,-89.72,-89.81
69 ; -6,-89.7,-89.8,-89.68,-89.03
69 ; -3,-89.69,-89.8,-89.8,-88.22
69 ; 0,-89.74,-89.8,-89.78,-89.62
69 ; 3,-89.66,-89.79,-89.73,-88.79
69 ; 6,-89.67,-89.44,-89.75,-87.58
69 ; 9,-89.5,-88.51,-89.22,-88.58
69 ; 12,-89.44,-88.77,-87.78,-87.39
69 ; 15,-89.46,-88.08,-86.67,-85.3
69 ; 18,-89.44,-88.13,-88.31,-87.53
69 ; 21,-89.38,-88.22,-89.38,-88.18
69 ; 24,-89.46,-88.63,-89.02,-87.36
69 ; 27,-89.33,-88.31,-89.13,-86.25
69 ; 30,-89.3,-88.63,-89.11,-87.72
69 ; 33,-89.3,-88.99,-88.62,-87.96
69 ; 36,-89.3,-88.9,-88.34,-84.54
69 ; 39,-89.32,-88.56,-89.23,-88.7
69 ; 42,-89.29,-88.13,-89.62,-88.11
69 ; 45,-89.28,-88.14,-88.85,-88.52
72 ; -45,-89.16,-88.98,-86.53,-85.86
72 ; -42,-89.18,-88.72,-86.31,-87.09
72 ; -39,-89.23,-88.77,-88.96,-88.57
72 ; -36,-89.19,-88.72,-88.86,-89.78
72 ; -33,-89.18,-89.22,-88.3,-89.47
72 ; -30,-89.19,-89.05,-88.31,-87.92
72 ; -27,-89.24,-89.52,-89.13,-89.42
72 ; -24,-89.46,-89.75,-88.82,-88.11
72 ; -21,-89.48,-89.84,-89.54,-89.88
72 ; -18,-89.49,-89.25,-89.59,-89.7
72 ; -15,-89.39,-89.35,-89.44,-89.45
72 ; -12,-89.41,-89.45,-89.75,-89.73
72 ; -9,-89.44,-89.58,-89.42,-89.54
72 ; -6,-89.68,-89.68,-89.77,-89.71
72 ; -3,-89.79,-89.28,-88.63,-89.62
72 ; 0,-89.71,-89.81,-89.66,-89.57
72 ; 3,-89.69,-89.67,-89.8,-88.42
72 ; 6,-89.69,-89.45,-89.58,-89.21
72 ; 9,-89.41,-88.6,-89.13,-89.23
72 ; 12,-89.45,-88.48,-86.39,-87.6
72 ; 15,-89.48,-88.4,-85.63,-85.77
72 ; 18,-89.48,-88.06,-87.95,-87.27
72 ; 21,-89.42,-88.01,-89.43,-87.38
72 ; 24,-89.45,-87.99,-87.23,-86.94
72 ; 27,-89.28,-88.35,-88.16,-85.44
72 ; 30,-89.3,-88.26,-86.9,-87.21
72 ; 33,-89.3,-88.45,-87.78,-85.91
72 ; 36,-89.32,-88.9,-85.43,-85.56
72 ; 39,-89.33,-88.8,-88.87,-88.89
72 ; 42,-89.38,-88.47,-89.17,-88.57
72 ; 45,-89.28,-88.12,-88.2,-88.49
75 ; -45,-89.22,-88.97,-84.48,-87.99
75 ; -42,-89.22,-88.41,-87.52,-87.32
75 ; -39,-89.21,-88.32,-88.64,-88.21
75 ; -36,-89.25,-88.96,-89.26,-89.6
75 ; -33,-89.22,-89.13,-88.74,-89.67
75 ; -30,-89.2,-88.79,-88.21,-88.86
75 ; -27,-89.18,-89.48,-88.78,-87.97
75 ; -24,-89.47,-89.79,-87.9,-88.95
75 ; -21,-89.47,-89.73,-89.26,-89.03
75 ; -18,-89.4,-89.6,-89.72,-89.55
75 ; -15,-89.44,-89.18,-89.78,-88.55
75 ; -12,-89.47,-89.09,-89.76,-89.57
75 ; -9,-89.46,-89.24,-89.7,-89.16
75 ; -6,-89.69,-89.11,-89.13,-89.78
75 ; -3,-89.74,-89.7,-89.54,-89.35
75 ; 0,-89.77,-89.74,-89.79,-89.6
75 ; 3,-89.77,-89.72,-89.46,-86.33
75 ; 6,-89.79,-89.52,-88.53,-89.43
75 ; 9,-89.48,-89.01,-89.78,-89.15
75 ; 12,-89.56,-88.33,-88.27,-88.72
75 ; 15,-89.48,-87.84,-84.88,-85.71
75 ; 18,-89.47,-87.44,-87.2,-88.28
75 ; 21,-89.45,-87.77,-89.67,-87.73
75 ; 24,-89.45,-88.26,-86.84,-86.97
75 ; 27,-89.29,-88.35,-87.11,-86.29
75 ; 30,-89.29,-88.31,-87.9,-87.46
75 ; 33,-89.35,-88.07,-85.87,-85.86
75 ; 36,-89.26,-88.39,-88.07,-84.15
75 ; 39,-89.35,-88.59,-88.29,-87.88
75 ; 42,-89.28,-87.99,-87.97,-88.04
75 ; 45,-89.25,-87.7,-88.37,-89.25
78 ; -45,-89.19,-89.62,-85.51,-88.32
78 ; -42,-89.21,-89.47,-87.22,-88.18
78 ; -39,-89.18,-89.22,-89.82,-89.04
78 ; -36,-89.23,-89.59,-89.08,-89.42
78 ; -33,-89.17,-89.54,-88.83,-89.21
78 ; -30,-89.19,-89.27,-86.63,-87.91
78 ; -27,-89.15,-89.44,-89.56,-86.92
78 ; -24,-89.45,-89.58,-88.99,-88.88
78 ; -21,-89.4,-89.26,-89.21,-86.87
78 ; -18,-89.42,-89.83,-89.53,-88.84
78 ; -15,-89.46,-89.69,-89.84,-86.32
78 ; -12,-89.43,-89.24,-88.69,-89.16
78 ; -9,-89.48,-89.63,-89.81,-88.89
78 ; -6,-89.73,-89.7,-89.03,-89.09
78 ; -3,-89.77,-89.84,-88.22,-89.54
78 ; 0,-89.74,-89.73,-89.62,-89.66
78 ; 3,-89.74,-89.43,-88.79,-86.18
78 ; 6,-89.7,-89.0,-87.58,-89.04
78 ; 9,-89.5,-88.93,-88.58,-89.3
78 ; 12,-89.43,-88.86,-87.39,-86.0
78 ; 15,-89.39,-88.58,-85.3,-87.07
78 ; 18,-89.45,-88.1,-87.53,-89.39
78 ; 21,-89.46,-87.41,-88.18,-86.8
78 ; 24,-89.45,-88.95,-87.36,-87.46
78 ; 27,-89.29,-88.39,-86.25,-86.77
78 ; 30,-89.29,-89.04,-87.72,-86.64
78 ; 33,-89.27,-89.1,-87.96,-85.5
78 ; 36,-89.3,-88.6,-84.54,-84.55
78 ; 39,-89.25,-89.2,-88.7,-86.06
78 ; 42,-89.3,-89.44,-88.11,-87.76
78 ; 45,-89.28,-89.22,-88.52,-87.16
81 ; -45,-89.19,-89.62,-85.86,-87.71
81 ; -42,-89.2,-89.43,-87.09,-88.63
81 ; -39,-89.2,-89.07,-88.57,-89.44
81 ; -36,-89.25,-89.45,-89.78,-89.24
81 ; -33,-89.27,-89.61,-89.47,-89.07
81 ; -30,-89.7,-89.28,-87.92,-89.79
81 ; -27,-89.7,-89.44,-89.42,-89.51
81 ; -24,-89.7,-89.4,-88.11,-88.69
81 ; -21,-89.7,-89.26,-89.88,-87.42
81 ; -18,-89.7,-89.82,-89.7,-88.11
81 ; -15,-89.7,-89.67,-89.45,-86.4
81 ; -12,-89.7,-89.33,-89.73,-89.63
81 ; -9,-89.7,-89.65,-89.54,-88.87
81 ; -6,-89.7,-89.68,-89.71,-87.89
81 ; -3,-89.7,-89.81,-89.62,-89.44
81 ; 0,-89.68,-89.79,-89.57,-89.67
81 ; 3,-89.68,-89.23,-88.42,-87.39
81 ; 6,-89.72,-89.13,-89.21,-89.43
81 ; 9,-89.43,-89.26,-89.23,-89.56
81 ; 12,-89.47,-88.89,-87.6,-88.4
81 ; 15,-89.47,-88.22,-85.77,-88.56
81 ; 18,-89.48,-88.25,-87.27,-89.62
81 ; 21,-89.52,-87.38,-87.38,-86.78
81 ; 24,-89.51,-88.57,-86.94,-87.35
81 ; 27,-89.34,-88.42,-85.44,-86.81
81 ; 30,-89.29,-88.93,-87.21,-85.43
81 ; 33,-89.27,-88.07,-85.91,-85.15
81 ; 36,-89.26,-88.94,-85.56,-86.6
81 ; 39,-89.3,-88.93,-88.89,-86.77
81 ; 42,-89.29,-89.15,-88.57,-89.2
81 ; 45,-89.27,-88.78,-88.49,-87.61
84 ; -45,-89.17,-89.36,-87.99,-87.73
84 ; -42,-89.22,-89.41,-87.32,-89.38
84 ; -39,-89.24,-89.26,-88.21,-89.63
84 ; -36,-89.17,-89.53,-89.6,-89.46
84 ; -33,-89.19,-89.53,-89.67,-89.32
84 ; -30,-89.17,-89.69,-88.86,-89.76
84 ; -27,-89.19,-89.46,-87.97,-89.38
84 ; -24,-89.5,-89.21,-88.95,-87.9
84 ; -21,-89.44,-89.63,-89.03,-87.04
84 ; -18,-89.39,-89.78,-89.55,-87.25
84 ; -15,-89.41,-89.66,-88.55,-87.51
84 ; -12,-89.44,-89.19,-89.57,-89.69
84 ; -9,-89.44,-89.67,-89.16,-88.92
84 ; -6,-89.73,-89.76,-89.78,-88.65
84 ; -3,-89.71,-89.67,-89.35,-89.44
84 ; 0,-89.73,-89.77,-89.6,-89.76
84 ; 3,-89.72,-88.9,-86.33,-89.62
84 ; 6,-89.71,-89.06,-89.43,-89.58
84 ; 9,-89.42,-89.02,-89.15,-89.01
84 ; 12,-89.48,-88.87,-88.72,-87.56
84 ; 15,-89.49,-88.22,-85.71,-86.1
84 ; 18,-89.41,-88.68,-88.28,-89.34
84 ; 21,-89.48,-87.51,-87.73,-86.58
84 ; 24,-89.46,-88.23,-86.97,-86.59
84 ; 27,-89.27,-88.62,-86.29,-86.48
84 ; 30,-89.29,-88.64,-87.46,-85.44
84 ; 33,-89.32,-88.12,-85.86,-85.1
84 ; 36,-89.3,-89.31,-84.15,-88.71
84 ; 39,-89.28,-88.63,-87.88,-87.69
84 ; 42,-89.32,-89.11,-88.04,-88.78
84 ; 45,-89.31,-88.79,-89.25,-88.76
87 ; -45,-89.2,-89.41,-88.32,-87.7
87 ; -42,-89.19,-89.71,-88.18,-89.39
87 ; -39,-89.16,-89.2,-89.04,-89.35
87 ; -36,-89.15,-89.57,-89.42,-89.43
87 ; -33,-89.21,-89.49,-89.21,-89.44
87 ; -30,-89.21,-89.44,-87.91,-89.76
87 ; -27,-89.18,-89.38,-86.92,-89.37
87 ; -24,-89.43,-88.91,-88.88,-85.82
87 ; -21,-89.42,-89.46,-86.87,-87.63
87 ; -18,-89.45,-89.34,-88.84,-86.09
87 ; -15,-89.44,-89.6,-86.32,-86.55
87 ; -12,-89.44,-89.15,-89.16,-89.65
87 ; -9,-89.37,-89.53,-88.89,-89.56
87 ; -6,-89.62,-89.8,-89.09,-88.94
87 ; -3,-89.68,-89.71,-89.54,-88.86
87 ; 0,-89.71,-89.78,-89.66,-89.69
87 ; 3,-89.65,-88.83,-86.18,-89.61
87 ; 6,-89.69,-88.99,-89.04,-88.99
87 ; 9,-89.5,-89.49,-89.3,-89.02
87 ; 12,-89.49,-88.67,-86.0,-87.81
87 ; 15,-89.39,-88.48,-87.07,-84.58
87 ; 18,-89.53,-88.62,-89.39,-89.06
87 ; 21,-89.46,-87.38,-86.8,-86.61
87 ; 24,-89.45,-88.31,-87.46,-87.51
87 ; 27,-89.32,-88.41,-86.77,-86.69
87 ; 30,-89.33,-88.26,-86.64,-85.44
87 ; 33,-89.26,-87.89,-85.5,-85.34
87 ; 36,-89.29,-89.29,-84.55,-89.16
87 ; 39,-89.35,-88.67,-86.06,-87.95
87 ; 42,-89.31,-89.2,-87.76,-89.06
87 ; 45,-89.33,-88.76,-87.16,-87.82
90 ; -45,-88.71,-89.36,-87.71,-88.26
90 ; -42,-88.67,-89.71,-88.63,-88.58
90 ; -39,-88.7,-89.47,-89.44,-89.78
90 ; -36,-88.68,-89.44,-89.24,-88.89
90 ; -33,-88.73,-89.57,-89.07,-89.4
90 ; -30,-88.77,-89.49,-89.79,-89.32
90 ; -27,-88.7,-89.34,-89.51,-89.59
90 ; -24,-89.28,-88.98,-88.69,-86.21
90 ; -21,-89.25,-89.53,-87.42,-88.37
90 ; -18,-89.24,-89.57,-88.11,-86.83
90 ; -15,-89.31,-89.55,-86.4,-86.65
90 ; -12,-89.22,-89.36,-89.63,-89.28
90 ; -9,-89.27,-89.18,-88.87,-89.78
90 ; -6,-89.52,-89.76,-87.89,-89.42
90 ; -3,-89.61,-89.67,-89.44,-88.77
90 ; 0,-89.59,-89.71,-89.67,-89.84
90 ; 3,-89.57,-89.35,-87.39,-89.25
90 ; 6,-89.51,-89.06,-89.43,-89.65
90 ; 9,-88.77,-89.46,-89.56,-89.56
90 ; 12,-88.71,-88.66,-88.4,-87.53
90 ; 15,-88.78,-88.59,-88.56,-85.45
90 ; 18,-88.76,-88.69,-89.62,-89.01
90 ; 21,-88.79,-87.35,-86.78,-87.59
90 ; 24,-88.73,-88.24,-87.35,-88.18
90 ; 27,-88.59,-88.39,-86.81,-86.3
90 ; 30,-88.51,-88.25,-85.43,-86.91
90 ; 33,-88.52,-87.22,-85.15,-84.62
90 ; 36,-88.51,-89.29,-86.6,-88.65
90 ; 39,-88.5,-88.88,-86.77,-87.2
90 ; 42,-88.56,-89.13,-89.2,-89.25
90 ; 45,-88.61,-88.68,-87.61,-88.09
